food;food_group_id;quantity;unity;gross_weight;net_weight;energy;proteins;lipids;carbohydrates;fiber;vitamin_A;ascorbic_acid;folic_acid;airon_NO;potassium;glycemic_iex;glycemic_charge;sugar_equivalent
Acelga cruda;1;2;taza;120;98;22;2.2;0.1;4.3;3.6;310.9;29.5;14.8;2.5;749.8;64;2.7;0
Acelga picada cocida;1;0.5;taza;72;72;19;1.9;0.1;3.9;2.1;275.8;17.9;10.1;1.4;654.5;64;2.5;0
Alcachofa mediana cocida;1;1;pieza;120;48;25;1.4;0.2;5.7;4.1;0.5;3.6;42.7;0.3;137.3;0;0;0
Apio cocido;1;0.75;taza;113;113;20;0.9;0.2;4.5;1.8;29.3;6.9;24.8;0.5;319.5;0;0;0
Apio crudo;1;1.5;taza;152;135;22;0.9;0.2;4;2.5;29.7;4.2;48.5;0.3;350.6;0;0;0
Arúgula. cruda;1;4;taza;80;80;20;2.1;0.5;2.9;3.5;95.2;12;77.6;1.2;295.2;0;0;0
Berenjena picada cocida;1;1;taza;99;99;35;0.8;0.2;8.6;2.5;2;1.3;13.9;0.4;245.4;0;0;0
Berro crudo;1;2;taza;68;56;34;1.3;0.1;0.7;0.3;46.3;6.7;35.7;1.2;100.4;0;0;0
Betabel crudo;1;0.25;pieza;43;39;19;0.8;0.1;4.3;0.3;0.8;7.8;36.4;0.6;131;0;0;0
Betabel crudo rallado;1;0.25;taza;38;38;18;0.8;0.1;4.1;0.3;0.8;7.5;34.9;0.6;125.6;0;0;0
Bledos crudos;1;150;g;150;95;27;2.4;0.3;3.8;0.9;189.5;40.6;80.3;4.1;577.4;0;0;0
Brócoli cocido;1;0.5;taza;92;92;26;2.7;0.4;4.6;2.7;127.4;68.4;46;0.8;268.9;0;0;0
Brócoli crudo;1;1;taza;88;71;19;2.1;0.3;3.7;2.1;110.2;66.4;50.2;0.6;231.7;0;0;0
Calabacita alargada cruda;1;1;pieza;111;91;21;1.6;0.1;3.4;1.4;12.3;11.8;23.7;0.5;183.9;0;0;0
Calabacita redoa cruda;1;1;pieza;100;79;18;1.4;0.1;2.9;1.2;10.7;10.3;20.5;0.4;159.6;0;0;0
Calabacita de Castilla cocida;1;0.5;taza;110;110;22;0.8;0.1;5.4;1.2;275;5.2;9.9;0.6;253;0;0;0
Cebolla blanca rebanada;1;0.5;taza;58;58;23;0.6;0.1;5.4;1;0;4.3;10.9;0.1;84;0;0;0
Cebolla cocida;1;0.25;taza;53;53;23;0.7;0.1;5.3;0.7;0;2.7;7.9;0.1;87;0;0;0
Cebolla morada rebanada;1;0.5;taza;58;58;20;0.5;0.1;4.4;0.7;0;6.3;0;0.8;90.3;0;0;0
Cebollita de cambray sin raíz;1;3;pieza;75;72;23;1.3;0.1;5.3;1.9;36;13.5;46.1;1.1;198.7;0;0;0
Cebollita en salmuera;1;0.5;taza;95;95;24;0.9;0.2;6.7;1.6;0;0;0;0;0;0;0;0
Champiñon cocido entero;1;0.5;taza;78;78;20;2.8;0.3;3.2;1.4;0;0;15.6;0.2;308.9;0;0;0
Champiñon cocido rebanado;1;0.5;taza;70;70;18;2.5;0.2;2.8;1.3;0;0;14;0.2;277.2;0;0;0
Champiñon crudo entero;1;1;taza;96;93;20;2.9;0.3;3.1;0.9;0;2;14.9;0.5;296.1;0;0;0
Champíñon crudo rebanado;1;1.5;taza;105;105;23;3.2;0.4;3.4;1.1;0;2.2;16.8;0.5;333.9;0;0;0
Chayote cocido picado;1;0.5;taza;80;80;19;0.5;0.4;4.1;2.2;1.6;6.4;14.4;0.2;138.4;0;0;0
Chayote crudo;1;0.5;pieza;102;100;19;0.8;0.1;4.5;1.7;0;7.7;93.5;0.3;125.6;0;0;0
Chepil crudo;1;70;g;70;41;26;2.8;0.2;3;0.9;135.4;20.3;0;1.9;0;0;0;0
Chícharo cocido sin vaina;1;0.25;taza;40;40;34;2.1;0.1;6.1;2.2;16;5.7;25.2;0.6;108.4;0;0;0
Chicharo cocido con vaina;1;0.5;taza;73;28;22;1.5;0.1;4;1.4;10.5;11;17.9;0.4;67.2;48;1.9;0
Chicharo en vaina cocido;1;0.333333333333333;taza;53;53;21;1.7;0.1;3.4;1.5;27.7;25.5;15.5;1.1;128;48;1.7;0
Chicoria cruda;1;140;g;140;120;24;1.4;0.2;4.1;1.1;123.4;8.4;171;1;378.1;0;0;0
Chalacas crudas;1;3;pieza;90;76;24;1.1;0.2;5.5;0.7;6.8;134.6;17.4;3;257;0;0;0
Chilacayote crudo;1;150;g;150;135;19;1.6;0.3;3.6;0.4;8.1;9.5;0;0.8;0;0;0;0
Chile chilaca;1;2;pieza;60;50;20;0.8;0.2;3.7;0.5;48.9;89.7;11.6;2;171.4;0;0;0
Chile chipotle seco;1;2;pieza;10;8;29;1.2;0.5;4.8;0.6;19.3;0;0;0.5;0;0;0;0
Chile costeño;1;4;pieza;64;54;17;0.9;0.1;3.9;1.1;7;135.5;12.4;1.8;182.8;0;0;0
Chile cristalino;1;4;pieza;64;54;20;0.9;0.1;3.9;1.1;3.5;135.5;12.4;1.8;182.8;0;0;0
Chile cuaresmeño;1;2;pieza;60;50;16;0.8;0.2;3.7;0.5;4.5;89.7;11.6;2;171.4;0;0;0
Chile de árbol seco;1;4;pieza;8;7;21;0.9;0.4;4.3;2.1;70.9;3.7;0;0.3;0;0;0;0
Chile habanero;1;5;pieza;80;67;25;1.5;0.5;3.6;1.1;19.8;63.2;15.5;1.6;228.5;0;0;0
Chile jalapeño;1;6;pieza;90;78;23;1.1;0.5;4.6;2.2;31.3;34.7;36.8;0.5;168.3;0;0;0
Chile poblano;1;0.5;pieza;40;32;15;0.8;0.2;3.3;0.1;5.1;116.5;7.4;1.1;108.8;0;0;0
Chiles secos;1;10;g;10;7;23;0.8;0.7;4.3;0;124.6;5.2;0;0.4;0;0;0;0
Cilantro picado crudo;1;2;taza;120;120;28;2.6;0.6;4.4;3.4;404.4;32.4;74.4;2.1;625.2;0;0;0
Clavito (hongo) crudo;1;1;taza;75;71;28;4.3;0.4;3.8;1.1;0;3.8;0;1.5;0;0;0;0
Col cocida picada;1;0.5;taza;75;75;17;1;0;4.1;1.4;3;28.1;22.5;0.1;147;0;0;0
Col cruda picada;1;2;taza;140;112;27;1.4;0.2;6;2.6;6.7;47;63.8;0.6;275.2;0;0;0
Col morada cruda picada;1;1;taza;70;56;17;0.8;0.1;4.1;1.2;31.4;31.9;10.1;0.4;136.1;0;0;0
Colesita de Bruselas cocida;1;3;pieza;63;63;23;1.6;0.3;4.5;1.6;24.6;39.1;37.8;0.8;199.5;0;0;0
Coliflor cocida;1;1;taza;125;125;28;2.3;0.6;5.1;2.9;1.3;55.4;55;0.4;177.4;0;0;0
Coliflor cruda;1;2;taza;200;80;20;1.6;0.1;4.2;2;0.8;37.1;45.6;0.4;242.4;0;0;0
Coliflor verde cocida;1;0.5;taza;68;68;22;2.1;2.1;4.2;2.2;4.7;49;27.7;0.5;187.7;0;0;0
Coliflor verde cruda;1;2;taza;128;78;24;2.3;2.3;4.8;2.5;6.2;68.8;44.5;0.6;234.2;0;0;0
Colinabo crudo;1;90;g;90;66;22;1.1;1.1;4.1;1.4;0.3;40.7;0;0.3;230;0;0;0
Cozarón de alcachofa crudo;1;1;pieza;25;25;16;0.6;0.6;4.1;0.3;3;1.5;18.5;0.2;84.8;0;0;0
Corazón de lechuga crudo;1;1;pieza;130;124;12;1.2;1.2;4.4;1.9;43.2;6.2;67.9;0.6;197.6;0;0;0
Corazón de palmito crudo;1;3;pieza;99;99;27;2.4;2.4;4.5;2.4;0;9;39;3.1;174;0;0;0
Cresón cocido;1;1;taza;135;135;31;2.6;2.6;5.2;1;313.2;31.1;50;1.1;476.6;0;0;0
Cresón limpio crudo;1;2;taza;100;100;32;2.8;2.8;5.6;1.2;346;69;80;1.3;606;0;0;0
Crucetas crudas;1;150;g;150;117;21;1.3;1.3;4.3;0.8;25.7;28.1;0;6.8;0;0;0;0
Cuitlacoche cocido;1;0.333333333333333;taza;66;66;20;0.8;0.8;4.1;1.2;0;2.6;0;0.3;0;0;0;0
Echalot;1;1;pieza;40;34;25;0.9;0.9;5.8;0;20.6;2.8;11.7;0.4;119.9;0;0;0
Ejotes cocidos picados;1;0.5;taza;63;63;22;1.2;1.2;4.9;2;21.9;6.1;20.6;0.4;91.3;0;0;0
Elotitos de cambray;1;8;pieza;64;64;26;2.1;2.1;4.3;1.8;14;3.9;29.7;0.4;159.2;0;0;0
Envidia cruda;1;3;taza;150;129;22;1.6;1.6;4.3;4;139.3;8.4;183.2;1.1;405.1;0;0;0
Espárragos crudos;1;6;pieza;90;90;22;2.3;2.3;3.8;2.8;49;10;131;0.7;144;0;0;0
Espinaca cocida;1;0.5;taza;90;90;21;2.7;2.7;3.4;3.2;471.6;8.8;131.1;3.2;419;0;0;0
Espinaca cruda picada;1;2;taza;120;120;28;3.4;3.4;4.4;2.6;562.8;33.7;232.8;3.3;669.6;0;0;0
Flor de calabaza cocida;1;1;taza;134;134;20;1.4;1.4;4.4;1.2;116.6;6;54;1.2;142;0;0;0
Flor de calabaza cruda picada;1;4;taza;132;132;20;1.2;1.2;4.4;0;128;36;76;0.9;228;0;0;0
Flor de colorín cocida;1;0.5;taza;40;40;24;1.8;1.8;4;1;2.6;14.8;0;1;0;0;0;0
Flor de colorín cruda;1;1;taza;40;40;24;1.8;1.8;4;1;2.6;14.8;0;1;0;0;0;0
Flor de garambullo cruda;1;50;g;50;50;19;0.4;0.4;4.1;0.4;10.5;20;0;2.2;0;0;0;0
Flor de maguey cruda;1;60;g;60;60;21;0.5;0.5;4.4;0.4;14.4;35.4;0;0.5;0;0;0;0
Flor de Yuca cruda;1;75;g;75;75;29;2;2;4.5;0.5;0.8;204.8;0;0.5;0;0;0;0
Germen de alfalfa cruda;1;3;taza;99;99;23;4;4;2.1;1.9;7.9;8.1;35.6;1;78;0;0;0
Germen de lenteja crudo;1;0.25;taza;19;19;20;1.7;1.7;4.3;0;0.4;3.2;19.3;0.6;62;0;0;0
Germen de soya cocidpo;1;0.333333333333333;taza;31;31;25;2.7;1.4;2.1;0.3;0.6;2.6;25.1;0.4;111.3;0;0;0
Granos de elote crudos;1;2;cuchara;21;21;18;0.7;0.2;4;0.6;1.9;0.4;9.7;0.1;56.7;0;0;0
Haba verde;1;4;pieza;32;32;23;1.8;0.2;3.7;1.3;5.8;10.6;30.7;0.6;80;0;0;0
Hojas de amaranto cocidas;1;100;g;100;100;21;2.1;0.2;4.1;0;139;41.1;57;2.3;641;0;0;0
Hojas de amaranto crudas;1;6;hojas;84;84;19;2.1;0.3;3.4;0;122.6;36.4;71.4;1.9;513.2;0;0;0
Hojas de chicoria cruda;1;130;g;130;130;26;1.6;0.3;4.4;1.2;133.3;9.1;184.6;1;408.2;0;0;0
Hojas de dientes de león;1;50;g;50;45;24;1.2;0.3;4.1;0.8;49.1;15.8;0;1.4;178.7;0;0;0
Hojas de pata de paloma;1;30;g;30;25;20;0.8;0.4;4.2;0.4;21.9;11.1;0;1.5;0;0;0;0
Hojas de remolacha.  crudas;1;2;hojas;64;64;14;1.4;0.1;2.8;2.4;202.2;19.2;9.6;1.6;487.7;0;0;0
Hojas de remolacha. hervida;1;0.5;taza;72;72;19;1.9;0.1;3.9;2.1;603.4;17.9;10.1;1.4;654.5;0;0;0
Hongos porrtobello crudo;1;1;pieza;84;81;21;2;0.2;4.1;1.2;0;0;17.9;0.5;394.4;0;0;0
Hongos shiitake deshidratados;1;1;pieza;4;4;11;0.3;0;2.7;0.4;0;0.1;5.9;0.1;55.2;0;0;0
Hongos crudos;1;1;taza;70;63;17;2;0.3;2.8;1.6;0;1.9;13.2;2.7;233.1;0;0;0
Huanzontle;1;0.5;taza;40;40;24;1.8;0.3;4.8;1.1;50.4;18;0;2.4;0;0;0;0
Huitlacoche cocido;1;0.333333333333333;taza;66;66;20;8;0.1;4.1;1.2;0;2.6;0;0.3;107.5;0;0;0
Ibes frescos;1;30;g;30;17;22;1.7;0;3.6;0.5;7.2;2.6;0;0.2;107.3;0;0;0
Jicama picada;1;0.5;taza;60;60;23;4;0.1;5.3;2.9;0.6;12.1;7.2;0.4;90;0;0;0
Jitomate;1;120;g;120;113;20;1;0.2;4.4;1.4;47.4;14.3;16.9;0.3;267.3;0;0;0
Jitomate bola;1;1;pieza;123;108;19;1;0.2;4.2;1.3;45.5;13.7;16.2;0.3;256.5;0;0;0
Jitomate cereza;1;4;pieza;100;95;17;0.8;0.2;3.7;1.1;39.9;12.1;14.3;0.3;225.2;0;0;0
Jitomate deshidratado;1;5;pieza;10;10;23;1.5;0.5;4.3;2;5;5;0;0.5;0;0;0;0
Jitomate guaje o saladet;1;2;pieza;130;124;22;1.1;0.2;4.8;1.5;51.9;15.7;18.5;0.3;292.7;0;0;0
Jitomate verde;1;1;pieza;123;123;28;1.5;0.2;6.3;1.4;39.4;29;11;0.6;251;0;0;0
Jitomatillo (miltomate);1;70;g;70;60;21;0.9;0.1;4.3;0.9;150.5;51.2;5.4;3.6;124.6;0;0;0
Jugo de tomate;1;0.5;taza;122;122;21;0.9;0.1;5.1;0.5;27.9;22.2;24.3;0.5;278.2;0;0;0
Jugo de verduras;1;0.5;taza;121;121;23;0.8;0.1;5.5;1;94.4;33.5;25.4;0.5;233.5;0;0;0
Jugo de zanahoria;1;0.25;taza;59;59;24;0.6;0.1;5.5;0.5;564;5;2.4;0.3;172.2;0;0;0
Lechuga;1;3;taza;141;135;23;1.7;0.4;4.5;2.8;392.5;32.5;184.1;1.3;334.3;0;0;0
Lengua de vaca;1;110;g;110;99;27;2;0.7;3.2;0.8;198;47.5;0;2.4;386.1;0;0;0
Lenteja germinada cocida;1;0.25;taza;19;19;19;1.7;0.1;4.1;0;0.4;2.4;12.9;0.6;54.7;0;0;0
Malva;1;100;g;100;85;34;4.1;0.5;3.3;0.8;255;29.8;0;1.7;0;0;0;0
Mezcla de verduras congeladas. cocidas sin sal;1;0.5;taza;46;46;30;1.3;0.1;4.6;2;97.4;1.5;8.6;0.4;76.9;0;0;0
Morillas deshidratadas;1;10;g;10;10;27;3.2;0.4;4.4;2.5;0;3;21;4.3;370;0;0;0
Morillas frescas;1;110;g;110;94;25;3;0.4;4.1;2.3;0;2.8;19.6;4;346;0;0;0
Nabo cocido;1;150;g;150;99;22;0.7;0.1;5;2;0;11.5;8.9;0.2;175.2;0;0;0
Nopal cocido;1;1;taza;149;149;22;2;0.1;4.9;3;32.8;7.9;4.5;0.7;291;0;0;0
Nopal crudo;1;2;pieza;140;134;22;1.8;0.1;4.5;3.2;30.9;12.5;4;0.8;345.4;0;0;0
Nopal crudo de cambray;1;4;pieza;100;100;27;1.7;0.3;2.9;3.5;0;0;0;0;0;0;0;0
Palmito. enlatado;1;1;pieza;33;33;30;0.8;0.2;1.5;0.8;0;2.6;12.9;1;58.4;0;0;0
Papaloquite crudo;1;2;taza;120;108;24;1.9;0.3;3.1;1;69.7;20.5;0;2.6;0;0;0;0
Papilla de verduras mixtas;1;0.333333333333333;frasco;43;43;19;0.5;0;4.1;0.6;58.3;1.3;3.4;0.1;51.9;0;0;0
Pepinillos crudos;1;0.333333333333333;taza;80;80;23;1.1;1;3.3;0;0;0;0;2.1;0;0;0;0
Pepinillos dulces;1;1;cuchara;15;15;20;0.1;0.1;5.3;0.2;2;0;0;0.1;4;0;0;0
Pepino con cáscara rebanado;1;1;taza;104;104;16;0.7;0.1;3.8;0.5;5.2;2.9;7.3;0.3;152.9;0;0;0
Perejil crudo picado;1;1;taza;60;60;22;1.8;0.5;3.8;2;252.6;80;91.2;3.7;332.4;0;0;0
Pimiento amarillo crudo chico;1;1;pieza;75;64;17;0.7;0.1;4;0.6;6.4;116.9;16.6;0.3;135;0;0;0
Pimiento cocido;1;0.5;taza;68;68;19;0.6;0.1;4.6;0.8;40;51;11;0.3;113;0;0;0
Pimiento fresco;1;1;taza;60;60;17;0.5;0.1;3.8;1.1;38.4;54;13.2;0.3;106.8;0;0;0
Pimiento rojo crudo chico;1;1;pieza;75;64;17;0.7;0.1;4;0.6;100.1;81.4;29.3;0.3;134.5;0;0;0
Pimiento verde crudo chico;1;1;pieza;75;64;17;0.7;0.1;4;0.6;11.5;51.3;6.4;0.2;111.6;0;0;0
Poro crudo;1;0.25;taza;40;32;21;0.5;0.1;4.5;1.2;26.6;3.5;20.5;0.7;57.6;0;0;0
Puerro crudo;1;0.25;pieza;22;22;14;0.3;0.1;3.2;0.9;18.5;2.7;14.2;0.5;40.1;0;0;0
Puerro hervido sin sal;1;0.5;pieza;62;62;19;0.5;0.1;4.7;0.6;25.4;2.6;14.9;0.7;53.9;0;0;0
Puré de tomate enlatado;1;0.25;taza;63;63;24;1;0.1;5.6;1.5;16.3;6.6;6.9;1.1;274.4;0;0;0
Quelite crudo;1;80;g;80;66;26;3.1;0.3;2.6;0.8;213.2;26.2;0;2.4;400.8;0;0;0
Rábano crudo rebanado;1;1;taza;116;104;17;0.7;0.1;3.5;1.7;0;15.5;26.1;0.4;243.3;0;0;0
Romerito crudo;1;120;g;120;72;26;2.6;0.1;3.5;0.7;112;2.9;0;1.8;0;0;0;0
Salsa de chile;1;0.5;taza;115;115;28;1.2;0.2;5.2;2.8;4.6;2.3;0;0.6;234.6;0;0;0
Salsifí;1;35;g;35;23;18;0.3;0;4;0.4;0;1.8;0;0.2;86.5;0;0;0
Semilla de guaje verde;1;5;g;65;29;28;2.5;0.2;4;0.5;2.3;11.7;0;1.1;0;0;0;0
Setas cocidas;1;0.5;taza;78;78;21;2.5;0.3;3.4;2;0;0;0;0;0;0;0;0
Setas crudas;1;100;g;100;85;23;2.7;0.3;3.7;2.1;0;2.6;17.9;3.7;314.5;0;0;0
Tomate verde;1;5;pieza;100;86;21;0.9;0.2;3.9;2.1;1.7;1.7;0;0.4;175.4;0;0;0
Tomatitos (tomatiles);1;75;g;75;65;26;2.3;0.1;4.1;0.8;112.6;29.7;0;4.5;131.6;0;0;0
Verdolaga cocida;1;1;taza;115;115;21;1.7;0.2;4.1;0.9;107;12.1;10.4;0.9;561.1;0;0;0
Verdolaga cruda limpia;1;2;taza;192;192;31;2.5;0.2;6.6;1.5;126.7;40.3;23;3.8;948.5;0;0;0
Verdura (mexcla) congelada. cocida sin sal;1;0.5;taza;46;46;30;1.3;0.1;4.6;2;97.4;1.5;8.6;0.4;76.9;0;0;0
Xoconostle;1;3;pieza;102;71;18;0.1;0.3;3.7;1.6;1.4;15.7;0;0.2;0;0;0;0
Yemitas (hongos) crudas;1;2;taza;160;160;27;4.8;1.7;6.4;3.6;0;6.1;0;6;0;0;0;0
Yerbamora cruda;1;50;g;50;41;21;2;0.3;3.6;0.6;13.9;49.2;0;3.7;0;0;0;0
Zanahoria miniatura cruda;1;4;pieza;60;60;21;0.4;0.1;4.9;1.7;414;1.6;16.2;0.5;142.2;47;2.3;0
Zanahoria picada cruda;1;0.5;taza;64;64;26;0.6;0.2;4.3;1.8;534.4;3.8;12.2;0.2;204.8;47;2;0
Zanahoria rallada cruda;1;0.5;taza;55;55;23;0.5;0.1;4.1;1.5;459.3;3.2;10.5;0.2;176;47;1.9;0
Agua de coco;4;1.5;taza;360;360;65;1.1;0.7;16.9;0;0;7.2;0;4.3;529.2;0;0;0
Albaricoque en almibar;4;0.25;taza;65;65;54;0.4;0.1;13.8;1.8;94.3;2;1.3;0.2;92.3;0;0;12
Albaricoque en mitades enlatados en jugo;4;0.5;taza;122;122;59;0.8;0.1;15.1;2;103.5;6;2.5;0.4;201.5;0;0;13.1
Albaricoque en mitades enlatados en agua;4;1;taza;227;227;61;1.6;0.4;14.5;3.6;167;7;5.1;0.7;349;0;0;10.9
Anona;4;130;g;130;59;59;1;0.4;14.7;2;0;5.3;0;0.4;223.5;0;0;0
Aráano fresco;4;1.5;taza;150;147;68;0.6;0.2;17.9;6.8;7.4;25;8;0.7;129.4;0;0;5.9
Aráano seco con azucar;4;0.5;taza;5;5;51;0;0.3;13.6;1;0;0;0;0.1;6.5;0;0;10.7
Blueberries;4;0.75;taza;109;107;61;0.7;0.4;15.4;2.6;0;13.9;6.4;0.2;94.9;0;0;10.6
Blueberries congeladas;4;0.75;taza;116;116;59;0.5;0.8;14.2;3.2;1.5;9;8.1;0.2;63;0;0;9.8
Blueberries congeladas con azucar;4;0.25;taza;58;58;47;0.2;0.1;12.6;1.3;0.5;3.5;4;0.2;34.5;0;0;11.4
Blueberries en almibar;4;0.25;taza;64;64;56;0.4;0.2;14.1;1;1.3;0.8;1.3;0.2;25.5;0;0;13.1
Breba;4;5;pieza;200;192;63;1;0.2;16.1;3.3;71;1.9;0;4.4;372.5;0;0;0
Caimito blanco o morado;4;1;pieza;200;130;68;1.7;2.2;12.2;3.8;0;15.6;0;5.7;0;0;0;0
Calabaza melón;4;130;g;130;98;58;2.8;0.9;11.2;1.3;36.1;23.4;0;2.6;0;0;0;0
Cana de azúcar;4;250;g;250;100;64;0.5;0.5;17.2;1.9;0;8;0;0.7;0;0;0;0
Capulín;4;3;taza;480;96;63;1.4;0;16.1;0.6;25;12.5;0;1.3;0;0;0;0
Carambolo o Carambola;4;1.5;pieza;191;171;53;1.8;0.6;11.5;4.8;83.7;36.5;24.3;0.4;279.5;0;0;6.8
Cereza;4;20;pieza;136;88;56;0.9;0.2;14.7;2.1;18.2;6.5;3.9;0.4;197.6;22;3.2;11.3
Cereza congeladas;4;1;taza;155;155;71;1.4;0.7;17.1;2.5;68;3;7.8;0.8;192;0;0;14
Cerezas en almibar;4;0.25;taza;64;64;58;0.5;0.1;14.9;0.7;22.8;1.3;5.1;0.8;59.8;0;0;14.5
Cerezas maschino enlatadas;4;4;pieza;20;20;64;0;0;16.8;1.2;0;0;0;0.2;8;0;0;15.6
Chabacano;4;4;pieza;140;126;61;1.8;0.5;14;2.5;329.3;13.1;10.7;0.7;373.2;57;8;11.6
Chagua;4;150;g;150;150;114;15.8;1.3;14;4.7;0.2;6.8;0;4.6;0;0;0;0
Cherimoya picada;4;0.5;taza;78;78;58;1.3;0.5;13.8;1.8;3;6;14.1;0.2;210;0;0;0
Chicozapote;4;0.5;pieza;85;75;62;0.3;0.8;14.9;4;4.4;11;10.6;0.6;144.3;40;6;0
Chirimoya;4;0.333333333333333;pieza;112;56;53;0.7;0.2;13.4;1.2;0.6;5;0;0.3;0;0;0;0
Ciricote;4;300;g;30;90;59;1.1;0.1;15;1.4;25.2;9.9;0;1.7;0;0;0;0
Ciruela criolla roja o amarilla;4;3;pieza;198;158;73;1.1;0.4;18.1;2.2;50.4;14.4;2.4;0.2;273.6;39;7.1;0
Ciruela negra;4;0.5;pieza;83;66;50;0.7;0;12.5;1.3;0;4.1;0;0;68.4;0;0;10.6
Ciruela pasa deshuesada;4;7;pieza;56;56;60;0.5;0.1;15.7;1.7;140;0;0;0.4;0;29;4.6;14
Cocktail de frutas en almibar;4;0.25;taza;62;62;44;0.3;0.1;11.7;1.1;8.8;1.3;1.9;0.2;55.8;0;0;10.6
Cocktail de frutas enlatado en agua;4;0.5;taza;119;119;38;0.5;0.1;10.1;1.2;15.5;2.5;3.6;0.3;111.5;0;0;8.9
Cocktail de frutas enlatado en jugo de frutas;4;0.5;taza;119;119;55;0.6;0;14.1;1.2;18;3;3.6;0.3;112.5;0;0;12.9
Cocoyol;4;170;g;170;43;74;2.5;3.8;9.5;2.1;9.8;49.3;0;1.9;0;0;0;0
Coloc;4;60;g;60;60;61;1.1;0.3;15.4;0.36;0.4;14.8;0;3.2;0;0;0;0
Cueamor;4;450;g;450;450;32;3.9;0.7;15.9;5.6;0.3;230;0;7.7;0;0;0;0
Dátil seco;4;2;pieza;17;17;46;0.3;0;12.4;1.1;0.8;0;2;0.2;108.2;103;12.8;11
Durazno amarillo;4;2;pieza;174;153;60;1.4;0.2;14.6;2.3;82.7;10.6;5.3;0.2;301;42;6.1;12.8
Durazno con azúcar congelado;4;0.25;taza;63;63;59;0.4;0.1;15;1.1;8.8;59;1.9;0.2;81.3;0;0;13.9
Durazno en almibar;4;0.5;taza;126;126;68;0.6;0.1;18.3;1.7;22.5;3;3.8;0.5;121.5;0;0;16.7
Durazno enlatado en agua;4;1;taza;244;244;59;1.1;0.1;14.9;3.2;66;7;7.3;0.8;242;0;0;11.7
Durazno enlatado en jugo;4;0.5;taza;125;125;55;0.8;0.1;14.5;1.6;24;4.5;3.8;0.3;160;0;0;12.9
Durazno prisco;4;3;pieza;150;132;51;1.2;0.1;12.5;2;46.2;13.2;0;0.4;266.6;0;0;11.1
Frambuesa;4;1;taza;123;123;64;1.5;0.8;14.7;8;6;31;32;0.7;187;0;0;5.4
Fresa entera;4;17;pieza med;204;204;65;1.4;0.6;15.7;4.1;55.1;120;49;0.8;312.1;40;6.3;10
Fresa rebanada;4;1;taza;166;1066;53;1.1;0.5;12.7;3.3;44.8;97.6;39.8;0.7;254;0;0;8.1
Fresas congeladas con azucar;4;0.25;taza;64;64;50;0.3;0.1;13.4;1.2;0.8;25.3;2.6;0.3;62.5;0;0;11.9
Fresas congeladas sin azúcar;4;0.5;taza;111;111;39;0.5;0.1;10.1;2.3;2;45.2;18.8;0.8;163.5;0;0;5.1
Fruta de la pasión;4;3;pieza;165;58;56;1.3;0.4;13.5;6;41.7;16;9.6;0.9;202.1;0;0;6.5
Fruta picada;4;1;taza;140;140;59;0.7;0.3;14.7;1.4;30.3;37.4;13.1;0.2;213.2;0;0;7.7
Fruto del pan;4;85;g;85;74;60;1;0.4;14.9;1.3;3;21.4;0;0.4;362.4;38;5.6;0
Gajos de maarina;4;1;taza;105;105;56;0.9;0.3;14;1.9;113.4;75.6;8.4;0.3;186.9;0;0;11.1
Gajos de naranja;4;1;taza;150;150;71;1.4;0.2;17.7;3.6;18;79.5;45;0.2;271.5;0;0;14
Gajos de toronja;4;1;taza;150;150;50;0.8;0.2;12.6;1.7;0;0;0;0;0;0;0;11
Giotilla;4;200;g;200;130;66;2.3;1;13.9;2;0;22.1;0;4.3;0;0;0;0
Granada chica;4;2;pieza;120;67;65;1.5;0.5;15.7;7.3;18.8;20.2;13.4;1.1;233.9;0;0;0
Granada roja;4;1;pieza;190;87;44;0.9;0.3;15.5;2.4;0;5.2;0;0.3;226.4;0;0;0
Grosellas;4;1;taza;150;150;66;1.3;0.9;15.3;6.4;22;42;9;0.5;297;0;0;0
Grosellas en almibar;4;0.25;taza;63;63;46;0.4;0.1;11.8;1.5;4.5;6.3;1.9;0.2;48.5;0;0;0
Grosellas negras;4;1;taza;112;112;71;1.6;0.5;17.2;0;13;203;0;1.7;361;0;0;0
Grosellas rojas o blancas;4;1;taza;112;112;63;1.6;0.2;15.5;4.8;2;46;9;1.1;308;0;0;8.3
Guanábana;4;1;pieza chica;350;238;90;1;3.8;15.5;9;92.8;50;0;5.5;0;0;0;0
Guayaba;4;3;pieza;135;124;63;1;0.7;14.8;7;39.7;227.3;0;0.4;252.7;0;0;0
Guayaba rosa;4;1;pieza;90;77;52;2;0.7;11;4.1;6.9;28;0;0.2;223.2;0;0;6.8
Higo;4;2;pieza;80;72;53;0.6;0.1;13.8;2.1;10.1;1.4;4.3;0.3;167;0;0;11.7
Higo deshidratado;4;1;pieza;19;19;47;0.6;0.2;11.9;1.8;2.4;0.1;1.4;0.4;133.1;61;7.3;9
Jinicuil;4;250;g;250;50;73;6;0.5;13.5;0.5;10;14;0;1;0;0;0;0
Jugod de limón;4;0.75;taza;180;180;45;0.7;0;15.6;0.7;3.7;82.6;22.9;0.1;223.5;0;0;4.3
Jugo de mamey;4;0.333333333333333;taza;80;80;52;0.6;0.1;12.5;0.2;0;0;0;0;0;0;0;0
Jugo de maarina natural;4;0.5;taza;120;120;46;0.8;0;11.3;1.4;0;0;0;0;0;0;0;9.9
Jugo de mango;4;0.5;taza;120;120;61;0.1;0.1;15.7;0.4;0;0;0;0;0;0;0;14.9
Jugo de naranja natural;4;0.5;taza;120;120;54;0.8;0.2;12.5;0.2;24.2;60;36.3;0.2;240;46;5.7;10.1
Jugo de papaya;4;0.333333333333333;taza;79;79;45;0.1;0.1;11.5;0.5;0;0;0;0;0;0;0;11
Jugo de toronja natural;4;0.5;taza;120;120;47;0.6;0.1;11;0.1;1;45.7;12.1;0.2;194.3;48;5.3;10.1
Kiwi;4;1.5;pieza;132;114;69;1.2;0.6;16.6;3.4;20.9;110.5;43.3;0.5;376.4;53;8.8;10.2
Lichis;4;12;pieza;180;90;59;0.7;0.3;14.9;1.2;0;0;0;0;0;79;11.8;13.7
Lima;4;3;pieza;234;147;44;1;0.3;15.5;4.1;5.1;78.8;15.3;0.9;203.3;0;0;2.5
Limón real;4;4;pieza;232;153;31;1.8;0.5;16.4;7.2;0;45.9;0;2.4;0;0;0;0
Mamey;4;0.333333333333333;pieza;137;85;58;1.4;0.5;13.7;3.8;51.7;19.5;0;2;0;0;0;0
Maarina;4;2;pieza;180;128;68;1;0.4;17;2.3;138;92;10.2;0.4;227.5;0;0;13.5
Maarina reyna;4;1;pieza;200;142;75;1.2;0.4;18.9;2.6;153.4;102.2;11.4;0.4;252.8;0;0;15
Mango ataúlfo;4;0.5;pieza;95;62;40;0.3;0.2;10.5;1.1;84.6;17.3;0;0.1;96.3;0;0;0
Mango criollo;4;1.5;pieza;300;162;57;1.3;0;14.6;1.8;388.8;129.6;0;2.1;306.2;0;0;0
Mango en almibar enlatado;4;1;pieza;61;61;56;0.3;0.1;15;0.1;31.7;19.5;0;0.5;0;0;0;0
mango manila;4;1;pieza;207;145;62;1.2;0;16.1;1.6;486.9;110.1;0;1.2;273.9;20;3.5;0
Mango petacón;4;0.5;pieza;200;110;72;0.6;0.3;12.9;1.2;150.7;38.8;0;0.1;171.6;0;0;0
Mango picado;4;1;taza;165;165;58;1.3;0;14.9;1.8;226.1;46.2;0;0.2;257.4;0;0;0
Mangosteno enlatado en jarabe;4;0.5;taza;98;98;72;0.4;0.6;17.6;1.8;2;3;30.4;0.3;47;0;0;0
Manzana;4;1;pieza;138;106;55;0.3;0.2;14.7;2.6;5.4;6.2;3.1;0.2;122.4;38;5.6;11
Manzana al vapor;4;0.5;taza;86;86;44;0.2;0.1;11.7;2.1;3.5;0;0.5;0.2;75;0;0;8.9
Manzana amarilla;4;1;pieza;130;100;65;0.3;0.3;16.5;2.1;10;11;0.4;0.7;113.1;0;0;10.4
Manzana cocida;4;0.5;taza;86;86;44;.2.;0.1;11.7;2.1;3.5;0;0.5;0.2;75;0;0;8.9
Manzana deshidratada;4;9;orejon;23;23;55;0.2;0.1;15;2;0;0.7;0;0.3;102.4;0;0;13
Manzana en almibar;4;1;pieza;24;24;54;0;0;15.7;2.1;1.2;0.5;0.1;0;16.2;0;0;13.6
Manzana en almibar enlatada;4;1;pieza;24;24;54;0;0;15.7;2.1;1.2;0.5;0.1;0;16.2;0;0;13.6
Manzana golden;4;1;pieza;130;100;65;0.3;0.3;16.5;2.1;10;11;0.4;0.7;113.1;0;0;13.5
Manzana granny;4;0.5;pieza;93;71;42;0.2;0.3;10.8;1.9;3.6;4.1;2.1;0.1;82.1;0;0;9.5
Manzana picada;4;0.5;taza;75;75;44;0.2;0.3;11.4;2;3.8;4.3;2.2;0.1;86.4;0;0;10
Manzana roja;4;1;pieza;185;142;84;0.3;0.5;21.7;3.8;7.2;8.3;4.1;0.3;164.1;0;0;19
Manzana sin cascara;4;1;pieza;128;128;73;0.2;0.4;19;1.7;5;5;1;0.1;145;0;0;12.9
Manzana verde;4;0.5;pieza;93;71;42;0.2;0.3;10.8;1.9;3.6;4.1;2.1;0.1;82.1;0;0;9.5
Manzana Washington;4;0.5;pieza;93;71;42;0.2;0.3;10.8;1.9;3.6;4.1;2.1;0.1;82.1;0;0;9.5
Maracuyá;4;3;pieza;150;53;51;1.2;0.4;12.3;5.5;37.9;14.6;8.8;0.8;183.8;0;0;5.9
Maracuyá  rebanado;4;0.5;taza;69;69;66;1.5;0.5;16;7.1;49.5;19;11.4;1.1;239.8;0;0;7.7
Marañon fresco;4;190;g;190;171;62;1.5;0.5;14.4;4.6;136.8;285.6;0;4.1;0;0;0;0
Melón;4;0.333333333333333;pieza;271;179;61;1.5;0.3;14.6;1.6;225.6;64.5;30.4;0.4;553.4;65;9.5;14.1
Melón cantaloupe;4;0.333333333333333;pieza;271;179;61;1.5;0.3;14.6;1.6;225.6;64.5;30.4;0.4;553.4;0;0;14.1
Melón chico;4;0.25;pieza;219;144;52;0.8;0.2;13.1;1.2;181.9;52;24.5;0.3;446.1;0;0;11.7
Melón picado;4;1;taza;160;160;54;1.3;0.3;13.1;1.4;201.6;57.6;27.2;0.3;494.4;0;0;12.6
Melón valenciano;4;0.333333333333333;pieza;271;179;61;1.5;0.3;14.6;1.6;5.4;75.2;30.4;0.4;553.4;0;0;14.1
Melón valenciano picado;4;1;taza;160;160;54;1.3;0.3;13.1;1.4;4.8;67.2;27.2;0.3;494.4;0;0;12.6
Melón verde picado;4;1;taza;160;160;58;0.9;0.2;14.5;1.3;515;68;27;0.3;494;0;0;13
Membrillo;4;1;pieza;163;98;56;0.4;0.1;15;1.7;3.9;14.7;0;0.7;192.7;0;0;0
Moras;4;0.75;taza;108;108;67;2.2;0.6;14.9;8.2;42.1;22.7;27;0.7;175;0;0;7.6
Nanche agrio;4;45;pieza;225;122;66;1.3;1.6;13.9;2.4;4.9;86.3;0;1.2;0;0;0;0
Naranja;4;2;pieza;242;152;72;1.4;0.2;18;3.7;18.3;80.8;45.7;0.2;276;42;7.6;14.3
Naranja agria;4;2;pieza;200;126;73;1.9;0.8;14.9;3;12.6;39.1;0;1;252;0;0;11.8
Naranja cajera;4;2;pieza;220;139;69;1.4;1;16.4;3.3;15.2;70.7;0;3.5;277.2;0;0;13
Naranja chica;4;4;pieza;140;129;48;2.1;0.4;15.2;3.1;36.1;56.7;0;1.2;0;0;0;12
Naranja sin semilla;4;1;pieza;201;155;72;1.1;0.6;18.3;3.7;0;0;0;0;0;0;0;14.5
Naranja valenciana;4;2;pieza;242;162;79;1.7;0.5;19.1;3.9;37.5;79.1;63;0.1;290.8;0;0;15.2
Naranja concentrada;4;0.5;taza;130;130;57;1;0.2;13.2;0.3;0;0;0;0;7.6;0;0;0
Nectarina;4;1;pieza;136;124;54;1.3;0.4;13.1;2.1;91.9;6.4;4.6;0.2;262.1;0;0;9.8
Nispero;4;25;pieza;350;140;59;0.1;1.2;13.3;0;0;0;0;0;0;0;0;0
Níspero del japón;4;2;pieza;180;108;52;0.4;0.2;13.4;1.3;56.2;1.1;8.6;0.3;287.3;0;0;0
Orejones de chabacano;4;7;pieza;25;25;59;0.8;0.1;15.3;1.8;177.1;0.7;2.8;1.2;337.4;30;4.6;13.1
Orejones de durazno;4;2;pieza;26;26;62;0.9;0.2;15.9;2.1;56.2;1.2;0;1.1;259;0;0;10.9
Orejones de manzana;4;9;pieza;23;23;55;0.2;0.1;14.8;2;0;0.7;0;0.3;101.3;29;4.3;12.9
Orejones de pera;4;1;pieza;18;18;47;0.3;0.1;12.5;1.3;0;1.2;0;0.4;96;0;0;11.2
Papaya hawaiana;4;0.5;pieza pequeña;152;114;45;0.7;0.2;11.2;2.1;23.9;70.5;43.3;0.1;292.9;0;0;0
Papaya picada;4;1;taza;140;140;55;0.8;0.1;13.7;2.5;29.4;86.5;53.2;0.1;359.8;59;8.1;0
Papilla de chabacano con tapioca;4;0.75;frasco;98;98;61;0.3;0;16.9;1.5;70.2;2;1.5;0.3;118;0;0;1.4
Papilla de ciruela con tapioca;4;0.75;frasco;98;98;68;0.6;0.1;18.2;2.6;43.9;1;0.2;0.4;172.6;0;0;10.7
Papilla de durazno;4;0.75;frasco;98;98;63;0.9;0.3;14.1;1.3;15.6;2.9;3.8;0.2;158;0;0;11.2
Papilla de frutas mixtas;4;0.75;frasco;98;98;59;0.2;0;16;0;0;30.2;0;0.2;81.9;0;0;0
Papilla de guayaba y papaya con tapioca;4;0.75;frasco;98;98;61;0.2;0.1;16.6;0;0;100.6;0;0.1;146.3;0;0;0
Papilla de mango con tapioca;4;0.666666666666667;frasco;85;85;59;0.3;0.2;16.1;0.9;56.6;1.7;0;0.1;49.9;0;0;11
Papilla de manzana;4;0.666666666666667;frasco;85;85;61;0.3;0;16.6;0;1.7;0;0.3;0.2;42.3;0;0;0
Papilla de manzana y chabacano;4;1;frasco;130;130;61;0.3;0.3;16.1;2.3;50.7;2;1.7;0.1;156;0;0;11.3
Papilla de pera;4;0.75;frasco;98;98;56;0.3;0.1;13.3;1.2;2.9;2;3.5;0.2;126.8;0;0;8.4
Papilla de pera y piña;4;1;frasco;130;130;57;0.4;0.3;14.8;3.4;3.9;2.6;3.6;0.3;150.8;0;0;9.6
Papilla de platano y piña con tapioca;4;0.75;frasco;98;98;66;0.2;0.1;17.9;1.6;3.9;2;5.4;0.1;76.1;0;0;8.2
Pasas;4;10;pieza;20;20;59;0.5;0.1;15.7;1.4;0;1;0.6;0.5;165;64;10;0
Pasitas;4;10;pieza;20;20;59;0.5;0.1;15.7;1.4;0;1;0.6;0.5;165;0;0;0
Pasitas en semilla;4;10;pieza;20;20;60;0.6;0.1;15.8;0.7;0.2;0.6;0.6;0.4;150.2;0;0;11.8
Pera;4;0.5;pieza;95;81;47;0.3;0.1;12.5;2.5;1.5;3.4;5.8;0.2;101.2;38;4.7;7.9
Pera asiática;4;0.5;pieza;138;117;49;0.6;0.3;12.4;4.2;0;4.4;0;0;141.8;0;0;8.2
Pera bartlett;4;0.5;pieza;91;77;45;0.3;0.1;12;2.4;1.4;3.3;5.6;0.2;96.9;0;0;7.6
Pera d´anjou;4;0.5;pieza;95;81;47;0.3;0.1;12.5;2.5;1.5;3.4;5.8;0.2;101.2;0;0;7.9
Pera de agua;4;0.5;pieza;91;74;43;0.3;0.1;11.4;2.3;1.3;3.1;5.6;0.2;92.4;0;0;7.2
Pera de San Juan;4;2;pieza;130;105;61;0.4;0.1;16.3;3.3;1.9;4.4;7.6;0.3;131.9;0;0;10.3
Pera deshidratada;4;1;orejon;18;18;46;0.3;0.1;12.2;1.3;0;1.2;0;0.4;93.3;0;0;0
Pera en almibar;4;0.5;pieza;76;76;44;0.3;0.1;11.7;2.4;0;0.6;0.9;0.2;50.3;0;0;7.4
Pera mantequilla;4;0.5;pieza;83;70;41;0.3;0.1;10.8;2.2;1.3;3;5.1;0.2;87.9;0;0;6.9
Pera picada;4;1;taza;150;150;63;0.8;0.3;16;5.4;2.7;6.3;10.8;0.4;188;0;0;10.6
Pera piña;4;0.5;pieza;100;80;46;0.3;0.1;12.4;2.5;1.4;3.4;5.8;0.2;100.2;0;0;7.8
Pera rebanada;4;0.666666666666667;taza;98;98;41;0.5;0.2;10.4;3.5;1.8;4.1;7;0.2;122.2;0;0;6.9
Pera roja;4;0.5;pieza;90;81;47;0.3;0.1;12.5;2.5;0;0.6;1;0.2;53.6;0;0;7.9
Pera roja rebanada;4;0.5;taza;80;80;46;0.3;0.1;12.4;2.5;0;0.6;1;0.2;52.9;0;0;7.8
Perón;4;1;pieza;150;105;65;0.4;0.4;16.7;2.2;1.1;5.3;0;0.8;0;0;0;0
Perón picado;4;1;taza;125;125;78;0.5;0.5;19.9;2.6;1.3;6.3;0;1;0;0;0;0
Pérsimo;4;2;pieza;50;50;64;0.4;0.2;16.8;0;0;34;0;1.3;156;0;0;0
Pérsimo japonés;4;0.5;pieza;84;84;59;0.5;0.2;15.6;3;182.5;6.5;6.5;0.1;135;0;0;10.5
Piña en almibar;4;1;rebanada;50;50;42;0.2;0.1;10.8;0.4;0.5;2;2.3;0.7;51.3;0;0;0
Piña en almibar;4;0.333333333333333;taza;63;63;53;0.2;0.1;13.6;0.5;0.7;4.7;3;0.2;65.8;0;0;0
Piña picada;4;0.75;taza;124;124;62;0.7;0.1;16.2;1.7;2.4;19.2;12.8;0.5;139.7;59;9.6;12.2
Piña rebanada;4;1;rebanada;84;84;42;0.5;0.1;11;1.2;1.6;13;8.7;0.3;94.8;0;0;8.3
Pitahaya;4;2;pieza;240;108;52;1.7;0.6;11.2;2.2;0;17.3;0;2.1;0;0;0;0
Plátano;4;0.5;pieza;80;54;48;0.6;0.2;12.4;1.4;4.3;4.8;10.5;0.2;215.2;52;6.4;6.7
Plátano deshidratado;4;0.25;taza;20;20;69;0.8;0.4;17.7;2;0;0;0;0;0;0;0;9.5
Plátano dominico;4;3;pieza;105;57;54;0.1;0.1;14;1.2;20.4;13;12.5;0.7;209.8;0;0;7.4
Plátano machacado;4;0.25;taza;56;56;50;0.6;0.2;12.8;1.5;34.9;7.3;12.4;0.4;208.1;0;0;6.9
Plátano macho;4;0.25;pieza;95;49;95;0.5;0.2;11.6;1;38;4.4;9.4;0.1;195.6;0;0;6
Plátano macho rebanado;4;0.333333333333333;taza;51;51;99;0.5;0.3;12;1.1;39.5;4.6;9.8;0.2;203.3;0;0;6.3
Plátano manzano;4;0.5;pieza;90;49;47;0.5;0.3;11.8;1;6.8;6.3;10.7;0.6;179.8;0;0;5.9
Plátano morado;4;0.5;pieza;90;49;41;0.9;0.1;10.3;1;20.4;3.9;10.7;0.7;179.8;0;0;5.9
Pomarosa;4;140;g;140;95;60;0.6;0.2;15.6;1.3;32.4;20.9;0;0.4;117.1;0;0;0
Pomelo;4;260;g;260;153;58;0.9;0.2;14.7;0.3;0;93.6;18.4;0.2;331.3;25;3.7;0
Prisco;4;3.5;pieza;175;154;59;0.9;0.2;14.9;2.2;53.9;15.4;0;0.5;311.1;0;0;0
Pulpa de fresa;4;2;cucharada;25;25;44;0.1;0.1;11.9;0.2;0;0;0;0;0;0;0;0
Pulpa de guanabana;4;2;cucharada;25;25;45;0.1;0.1;12.3;0.1;0;0;0;0;0;0;0;0
Pulpa de mamey;4;6;cucharada;75;75;52;1.3;0.5;12.2;3.4;45.8;17.3;0;1.8;0;0;0;0
Pulpa de tamario;4;8;cucharada;100;100;57;0.1;0.1;14.7;0.5;0;0;0;0;0;0;0;12.7
Pulpa de zapote negro;4;0.5;taza;105;105;59;0.8;0.1;15.2;1.3;10.5;87.2;0;1.7;0;0;0;0
Puré de ciruela pasa;4;3;cucharada;41;41;51;0.5;0.1;13.6;0.2;12;0.8;0;0.4;128.7;0;0;0
Puré de guayaba;4;0.5;frasco;65;65;49;0.1;0.1;12;1.7;0;67;0;0.1;97.5;0;0;0
Puré de guayaba gerber 2A etapa;4;0.5;frasco;65;65;49;0.1;0.1;12;1.7;0;67;0;0.1;97.5;0;0;0
Puré de manzana;4;6;cucharada;83;83;63;0.1;0.1;16.4;1;0;1.3;0;0;60.4;0;0;13.6
Puré de manzana sin azúcar;4;0.5;taza;122;122;52;0.2;0.1;13.8;1.5;4;1;1;0.2;92;0;0;0
Puré de platano;4;0.25;taza;56;56;50;0.6;0.2;12.8;1.5;34.9;7.3;12.4;0.4;208.1;0;0;6.9
Rambután;4;7;pieza;175;88;55;0.6;0.3;15;0.9;8.6;3.8;3.8;0.3;167.4;0;0;14.4
Rambután en almibar;4;0.25;taza;54;54;44;0.4;0.1;11.2;0.5;0;2.5;4.3;0.2;22.5;33;3.7;0
Rollo de frutas;4;1;pieza;21;21;78;0;0.6;18;0;3;1;2;0.2;62;0;0;10.3
Salsa de araanos en gelatina enlatada;4;0.5;rebanada;29;29;43;0.1;0.1;11.1;0.3;0.5;0.5;0.3;0.1;7.5;0;0;10.8
Saia picada;4;1;taza;160;160;48;1;0.2;12.1;0.6;59;15;4;0.3;186;72;8.7;9.9
Saia rebanada;4;1;rebanada;200;200;60;1.3;0.3;15.1;0.8;73.8;18.8;5;0.3;232.5;0;0;12.4
Saramuyo;4;130;g;130;85;63;1.8;0.8;13.8;0;7.6;27;0;0;0;0;0;0
Semilla de jinicuil;4;200;g;200;40;58;4.8;0.4;10.8;0.4;8;11.2;0;0.8;0;0;0;0
Tamario;4;50;g;50;25;60;0.7;0.1;15.6;1.3;0.8;0.8;3.5;0.7;157.1;0;0;14.4
Tamario (pulpa sin azúcar);4;8;cucharada;100;100;57;0.1;0.1;14.7;0.5;0;0;0;0;0;0;0;12.7
Tamario pelado;4;0.25;taza;30;30;72;0.9;0.2;18.8;1.5;1;1;4.3;0.8;188.5;0;0;17.2
Tangerina;4;2;pieza;180;128;56;0.6;0.3;15.3;0.4;138;92;10.2;0.4;227.5;0;0;0
Tejocote;4;2;pieza;70;60;52;0.5;0.4;13.1;1.6;251.1;27.4;0;1;0;0;0;0
Toronja;4;1;pieza;246;162;54;0.9;0.2;13.7;1.8;4.9;86.1;16.2;0.2;225.7;25;3.4;11.9
Toronja en gajos;4;1;taza;150;150;50;0.8;0.2;12.6;1.7;18.3;51.2;15.9;0.1;208.5;0;0;11
Toronja enlatada con jugo;4;0.5;taza;125;125;46;0.9;0.1;11.5;0.5;0;42;11.2;0.3;213.5;0;0;11
Toronjas en almibar;4;0.5;taza;127;127;76;0.7;0.2;19.6;0.5;0;27;11.5;0.5;164;0;0;19.1
Tuna;4;2;pieza;250;138;56;1;0.7;13.2;5;6.9;19.3;0;0.4;302.5;0;0;0
Tuna cardona;4;2;pieza;250;138;56;1;0.7;13.2;5;6.9;30.3;0;3.6;302.5;0;0;0
Tuna picada;4;1;taza;150;150;62;1.1;0.8;14.4;5.4;7.5;21;0;0.5;330;0;0;0
Tuna roja;4;2;pieza;250;138;56;1;0.7;13.2;5;6.9;30.3;0;3.6;302.5;0;0;0
Uva;4;18;pieza;126;86;61;0.6;0.5;15.3;1.1;1.7;9.4;3.4;0.2;158.5;43;6.6;0
Uva blanca;4;1;taza;92;87;59;0.6;0.3;15;0.8;8.6;3.8;3.8;0.3;167.2;0;0;14.3
Uva con semilla;4;1;taza;10;114;76;0.7;0.4;19.6;1;7.8;12.1;4.3;0.3;210.9;0;0;18.7
Uva roja;4;1;taza;120;114;76;0.7;0.4;19.6;1;7.8;12.1;4.3;0.3;210.9;0;0;18.7
Uva sin semilla;4;1;taza;92;87;55;0.6;0.3;15;0.9;8.6;3.8;3.8;0.3;167.2;0;0;14.3
Uva verde;4;1;taza;92;87;55;0.6;0.3;15;0.9;8.6;3.8;3.8;0.3;167.2;0;0;14.3
Uva verde sin semilla;4;1;taza;92;87;55;0.6;0.3;15;0.9;8.6;3.8;3.8;0.3;167.2;0;0;14.3
Uvas enlatadas en agua;4;0.5;taza;123;123;49;0.6;0.2;12.6;0.8;2.5;1;3.7;1.2;131;28;3.5;11.9
Xocoyol;4;900;g;900;225;56;0.5;0.2;14.9;2.9;873;58.5;0;9.7;0;0;0;0
Zapote;4;0.25;pieza;56;51;68;1.1;0.3;17.1;1.3;20.7;10.1;0;0.5;174.2;0;0;0
Zapote amarillo;4;0.5;pieza;152;94;74;1.1;0.5;18.8;1;16.9;55.4;0;2;44.1;0;0;0
Zapote blanco;4;0.5;pieza;152;115;81;2;0.8;18.5;1.4;8.1;41.5;0;0.2;0;0;0;0
Zapote borracho;4;0.25;pieza;75;45;63;0.6;0.4;16.3;0.5;11.3;18;0;0.3;0;0;0;0
Zapote negro;4;0.5;pieza;150;93;52;0.7;0.1;13.5;1.1;9.3;77.2;0;1.5;0;0;0;0
Zapote negro limpio;4;0.5;taza;115;115;64;0.9;0.1;16.7;1.4;11.5;95.5;0;1.8;0;0;0;0
Zarzamora;4;1;taza;150;144;75;1;0.9;18.4;5.9;56.2;30.2;0;0.7;282.2;0;0;0
Zarzamora congelada sin azúcar;4;0.5;taza;76;76;49;0.9;0.3;11.9;3.8;4.5;2.5;25.7;0.6;105.5;0;0;8.1
Zarzamora en almibar;4;0.25;taza;64;64;59;0.9;0.1;14.8;2.2;7;1.8;17.3;0.4;63.3;0;0;12.6
Alegría natural;6;5;cucharadita;21;21;74;2.7;1.5;13.5;1.4;0;0.5;0.7;0;0;0;0;0
Alegría tostada;6;4;cucharadita;16;16;63;2.2;1.3;11.7;1.6;0;47.9;0.3;0;0;0;0;0
Amaranto cocido;6;2.5;taza;330;330;70;7;0.5;13.5;0;185;690;7.5;70;0;0;0;0
Amaranto tostado;6;0.25;taza;16;16;63;2.2;1.3;11.6;1.6;0;47.5;0.3;0;0;0;0;0
Anillos de trigo azucarados de colores;6;0.5;taza;16;16;63;1;0.6;13.4;0.2;0;1.5;2.3;53.5;0;0;0;0
Arroz cocido;6;0.25;taza;47;47;60;1.1;0.1;13.3;0.1;26;1.4;0.7;0;0;64;29.8;0
Arroz crudo;6;20;g;20;20;72;1.3;0.1;15.9;0;1.8;1.8;0.2;0.2;0;0;0;0
Arroz inflado con cocoa;6;0.5;taza;17;17;64;0.9;0.2;14.7;0.1;58.2;3;1;126.2;0;82;0;0
Arroz inflado natural;6;0.5;taza;17;17;65;1.1;0.1;14.6;0.5;58.2;3;1;126.2;0;0;0;0
Arroz integral cocido;6;0.333333333333333;taza;65;65;73;1.5;0.5;15.3;1.2;2.6;6.7;0.3;0.7;0;66;42.9;0
Arroz integral crudo;6;20;g;20;20;72;0.5;0.5;15.2;0.7;4;6.6;0.4;0.8;0;0;0;0
Arroz precocido cocido;6;0.333333333333333;taza;52;52;64;1.5;0.2;13.6;0.5;1.6;9.9;0.1;1;0.1;48;25;0
Arroz precocido crudo;6;20;g;20;20;75;1.6;0.2;16.1;0.4;1.6;11;0.1;0.6;0.1;0;0;0
Arroz pulido crudo;6;20;g;20;20;72;1.3;0.1;15.9;0;1.8;1.8;0.2;0.2;0;0;0;0
Arroz salvaje cocido;6;0.333333333333333;taza;54;54;55;2.1;0.2;11.6;1;14.1;1.7;0.3;1.7;0.4;54;29.2;0
Arroz salvaje crudo;6;20;g;20;20;71;2.9;0.2;15;1.2;19;4.2;0.4;1.4;0.5;0;0;0
Atole en polvo;6;7;cucharadita;18;18;68;0;0;16.4;0;0;0;0;0;0;74;13.5;0
Atole en sobre;6;0.333333333333333;sobre;16;16;58;0;0;14;0;0;0;0;0;0;51;7.9;0
Atole vitaminado;6;0.333333333333333;sobre;16;16;59;0;0;14.1;0;0;0;0;0;0;51;8;0
Avena cocida;6;0.75;taza;164;164;66;5.2;1.3;18.8;4.3;10.5;16.4;1.4;1.5;0;50;82.1;0
Avena con canela y especias;6;0.333333333333333;sobre;15;15;56;1.3;0.7;11.7;1;29;36.3;1.3;81.2;5.1;65;9.9;0
Avena con manzana y canela;6;0.333333333333333;sobre;14;14;53;1.2;0.7;10.9;0.9;27.1;33.9;1.2;75.9;4.8;65;9.2;0
Avena con pasitas y especias;6;0.333333333333333;sobre;14;14;53;1.2;0.7;10.9;0.9;27.1;33.9;1.2;75.9;4.8;65;9.2;0
Avena en hojuelas;6;0.5;taza;20;20;73;3.2;1.3;13.4;2;0;10.4;0.8;0.8;0.2;65;13;0
Avena instantánea PLUS varios sabores;6;0.333333333333333;sobre;14;14;53;1.3;1;9.8;1.2;0;0;0;38.7;3;0;0;0
Avena instantánea preparada;6;0.333333333333333;taza;77;77;53;1.8;1.1;9;1.3;54.8;61.8;4.6;37.8;0.4;65;50.2;0
Avena instantánea varios sabores;6;0.333333333333333;sobre;14;14;51;1;1;9.4;0.8;0;0;0;88.9;4.3;0;0;0
Avena integral;6;0.333333333333333;taza;26;26;65;4.6;1.9;17.5;4.1;13.6;15.3;1.4;0.9;0;0;0;0
Avena integral con pasitas. instantánea preparada;6;0.5;sobre;22;22;77;1.7;0.9;16.4;1.3;44.1;55;2;120.8;7.8;0;0;0
Avena Quaker Old fashion;6;0.5;pieza;20;20;68;2.8;1.1;11.8;1.9;0;0;0;0;0.3;0;0;0
Bagel;6;0.333333333333333;pieza;24;24;65;2.5;0.4;12.6;0.5;5.3;17.7;0.8;126.3;0;72;17;0
Bagel de ajo;6;0.333333333333333;pieza;24;24;67;2.5;0.4;12.9;0.6;5.5;18.1;0.9;129.4;0;0;0;0
Bagel de ajonjolí;6;0.333333333333333;pieza;24;24;74;2.7;0.7;12.9;0.6;5.3;0;0;145.6;0;0;0;0
Bagel de avena;6;0.333333333333333;pieza;24;24;60;2.5;0.3;12.6;0.9;11;3;0.7;120;0;0;0;0
Bagel de canela y pasas;6;0.333333333333333;pieza;24;24;65;2.3;0.4;13.1;0.5;5;4.3;0.9;76.3;0;0;0;0
Bagel de cebolla;6;0.333333333333333;pieza;24;24;74;2.7;0.7;12.9;0.6;11;0;0;145.6;0;0;0;0
Bagel integral;6;0.333333333333333;pieza;24;24;60;2.5;0.3;12.6;0.9;5.3;0;0;120;0;0;0;0
Baguette;6;0.142857142857143;pieza;27;27;72;2.2;1;13.4;0.6;9.7;29.2;0.8;145.8;1;95;25.7;0
Barquillo;6;1.5;pieza;15;15;64;1.1;1.1;12;0.4;0;3.8;0.5;22.5;0;0;0;0
Barra Special K varios sabores;6;1;pieza;24;24;90;2;1;19;0;0;0;0;104.9;0;0;0;0
Barra Stila varios sabores;6;0.75;pieza;19;19;68;1.6;1.3;12.4;1.5;0;0;0;71.3;5.3;0;0;0
Barrita de avena;6;0.5;pieza;14;14;56;0.8;1.1;11.1;0.5;2;4.5;0.3;52.5;4.8;0;0;0
Barrita de granola sabor manzana;6;0.5;pieza;14;14;55;0.8;1;11.3;0.7;2;4.5;0.3;39.5;5.1;0;0;0
Birote;6;0.333333333333333;pieza;22;22;67;2.1;0;14.1;0.1;0;9.1;0.3;123.3;0;0;0;0
Bolillo;6;0.333333333333333;pieza;20;20;61;1.9;0;12.8;0.1;0;8.3;0.2;112.7;0;0;0;0
Bolillo integral;6;0.333333333333333;pieza;20;20;64;2.1;0.1;13.4;0.2;0;12.3;0.6;68.5;0;0;0;0
Bolillo integral sin migajón;6;0.333333333333333;pieza;20;20;64;2.1;0.1;13.4;0.2;0;12.3;0.6;68.5;0;0;0;0
Bolillo sin migajón;6;0.333333333333333;pieza;20;20;61;1.9;0;12.8;0.1;0;8.3;0.2;112.7;0;0;0;0
Bollo de hamburguesa;6;0.333333333333333;pieza;25;25;65;2.4;1.1;12.5;0.6;0;25.7;0.7;108.2;1.8;0;0;0
Bollos para hamburguesa;6;0.333333333333333;pieza;25;25;65;2.4;1.1;12.5;0.6;0;25.7;0.7;108.2;1.8;0;0;0
burbujas de maíz azucaradas;6;0.5;taza;16;16;59;0.7;0.1;14;0.2;50;2;0.9;59.5;7;80;12.4;0
Camote al honor;6;0.333333333333333;taza;70;70;70;1.2;0.1;16.4;1.3;15.9;24.7;0.4;5.6;0;0;0;0
Camote amarillo;6;0.333333333333333;taza;69;54;68;0.8;0.4;15.3;1.6;7.6;23.2;1.3;5.4;0;0;0;0
Camote cocido;6;0.333333333333333;taza;69;69;73;1.1;0.2;16.8;1.3;7.6;14.4;0.4;8.9;0;0;0;0
Camote con miel;6;0.333333333333333;taza;59;59;59;0.3;0;14.4;1.2;0;4.3;0.2;7.6;0;0;0;0
Camote con naranja;6;0.2;taza;40;40;61;0.2;0;15.2;0;0;3.3;0.1;4.2;0;0;0;0
Camote en dulce;6;0.2;taza;52;52;71;0.4;1.7;14.5;1.2;5.9;13.4;0.6;36.6;0;0;0;0
Camote largo;6;0.25;pieza;75;59;73;0.8;0.5;16.6;1.7;8.2;25.2;1.4;5.9;0;0;0;0
Camote poblano (dulce);6;0.75;pieza;45;45;62;0.4;1.5;12.6;1.1;5.1;11.6;0.5;31.7;0;0;0;0
Canelones;6;4;pieza;20;20;68;1.9;0.1;14.6;0.4;5;5.2;0.4;0.4;0;0;0;0
Cáscara de papa cruda;6;2.5;taza;125;125;73;3.2;0.1;15.6;3.1;21.3;37.5;4.1;12.5;0;0;0;0
Cebada;6;20;g;20;20;69;2.2;0.5;15.3;2.1;4.6;5.4;0.4;1.3;0.1;0;0;0
Cebada perla cocida;6;0.333333333333333;taza;52;52;64;1.2;0.2;14.8;2;8.3;5.7;0.7;1.7;0;25;13.1;0
Centeno;6;5;cucharadita;22;22;72;2.6;0.4;15.9;0.4;0;8.2;0.8;0;0;41;8.9;0
Cereal Avena Flakes;6;0.75;taza;19;19;68;1.9;1.1;12.6;1.9;0;0;0;53.1;2.8;0;0;0
Cereal Chewy para niños varios sabores;6;0.5;pieza;14;14;52;0.9;0.7;10.5;1.2;0;0;0;46.7;3.3;0;0;0
Cereal con almeras y pasas;6;0.333333333333333;taza;19;19;70;1.5;0.7;16.5;1.6;33.3;9.3;2.1;100;4;0;0;0
Cereal de arroz;6;0.5;taza;17;17;67;1.4;0.5;14.1;1.1;2.5;9.1;7.9;2;0.2;0;0;0
Cereal de arroz inflado con chocolate;6;0.5;taza;16;16;62;1.1;0.6;13.8;1.2;3;4.5;0.2;1.9;1.5;82;13.1;0
Cereal con avena con maple;6;0.333333333333333;taza;27;27;65;4.6;1.9;17.6;4.1;13.8;15.5;1.4;0.9;0;0;0;0
Cereal de avena integral. seco;6;0.333333333333333;taza;19;19;71;2.9;1;13.8;2.2;34.7;10.3;5.4;68.3;3.1;0;0;0
Cereal de galleta de chispa de chocolate;6;0.5;taza;15;15;60;0.5;0.8;13;0.6;0;50;2.3;85;0;0;0;0
Cereal de maíz reventado  con azúcar;6;0.5;taza;16;16;59;0.5;0.5;13.6;0.6;0;25.8;9.9;620;0;0;0;0
Cereales de maíz reventado sabor chocolate y crema de cacahucate;6;0.333333333333333;taza;14;14;61;0.9;1.6;10.6;0.6;0;46.7;2.3;93.3;0;0;0;0
Cereal de salvado de trigo;6;0.333333333333333;taza;21;21;54;2.6;0.7;15.3;6.7;66.7;66.7;3;189.3;4;42;8.7;0
Cereal de trigo con canela;6;0.333333333333333;taza;13;13;58;0.4;1.6;10.7;0.4;44.4;17.8;2;93.3;4.4;0;0;0
Cereal de trigo sabor frutas;6;0.5;taza;15;15;60;0.5;0.8;13;0;50;10;2.1;100;6.5;69;10.4;0
Cereal integral con pasitas;6;0.333333333333333;taza;20;20;66;2;0.5;15.7;2.7;33.3;11.7;1.5;130;6;42;8.5;0
Cereal Multibran Flakes;6;0.75;taza;19;19;65;2.4;1.3;11.1;2.6;0;0;0;90.6;0.4;0;0;0
Cereal Multibran pasas;6;0.75;taza;19;19;66;2;1;12.1;2.3;0;0;0;71.9;3.9;0;0;0
Cereal multigrano;6;0.25;taza;20;20;67;2.3;0.5;14.7;2.4;5.5;7;0.6;0.5;0.1;0;0;0
Cereal sin azúcar;6;0.5;taza;14;14;51;1.2;0.1;12;0.6;50;0.5;4.1;152;1;0;0;0
Codito crudo;6;20;g;20;20;74;2.5;0.2;15;0.1;5;5.4;0.3;0.4;0;0;0;0
Coditos con crema deshidratados;6;1.5;cucharada;15;15;61;1.9;1.5;9.6;0;0;0;0.2;122.9;0;0;0;0
Couscous;6;0.333333333333333;taza;52;52;58;2;0.1;12;0.7;0;4.3;0.2;2.6;0.1;0;0;0
Crepa;6;2;pieza;30;30;69;1.6;1;13.1;0.5;0.2;0.3;0.3;147.5;0;0;0;0
Crepas para rellenar;6;2;pieza;30;30;69;2.3;1.4;11.6;0.3;0.2;0.3;0.3;116.4;0;0;0;0
Crepas saladas;6;2;pieza;30;30;69;1.6;1;13.1;0.5;0.2;0.3;0.3;147.5;0;0;0;0
Croutones;6;0.5;taza;15;15;61;1.8;1;11.1;0.8;3.5;11.5;0.6;104.5;0;0;0;0
Cuadritos de avena;6;0.333333333333333;taza;19;19;71;2.9;1;13.8;2.2;34.7;10.3;5.4;68.3;3.1;0;0;0
Cuadritos de avena con salvado;6;0.333333333333333;taza;19;19;71;2.9;1;13.8;2.2;34.7;10.3;5.4;68.3;3.1;0;0;0
Cúrcuma;6;160;g;160;138;73;5.6;0;13.2;1.7;0;70.2;16.8;0;0;0;0;0
Elote amarillo cocido;6;1.5;pieza;174;66;71;2.2;0.8;16.6;1.9;30.4;1.6;0.3;0;2.7;53;35;0
Elote amarillo congelado;6;1.5;pieza;188;71;70;2.3;0.6;16.7;2;27.9;2.9;0.5;2.3;0;47;33.5;0
Elote amarillo crudo;6;1,33E+14;pieza;186;71;61;2.3;0.9;17.7;2;32.7;1.7;0.4;12.1;0;0;0;0
Elote amarillo desgranado cocido;6;0.5;taza;83;83;66;2.3;0.4;16.2;2;38.5;3.3;0.3;4.2;2.6;0;0;0
Elote amarillo desgranado crudo;6;0.5;taza;83;83;66;2.3;0.4;16.2;2;38.5;3.3;0.3;4.2;2.6;0;0;0
Elote amarillo enlatado;6;0.5;taza;82;82;66;2.1;0.8;15.2;1.6;40;4;0.7;175;2.3;0;0;0
Elote blanco cocido;6;1.5;pieza;215;82;70;2.6;1;15.5;2.2;37.5;1.6;0.4;12.2;2.6;59;48.1;0
elote blanco desgranado;6;0.5;taza;83;83;66;2.3;0.4;16.2;2;38.5;3.3;0.3;4.2;2.6;0;0;0
Elote crudo;6;1.5;pieza;215;82;70;2.6;1;15.5;2.2;37.5;1.6;0.4;12.2;2.6;0;0;0
Elote desgranado;6;0.5;taza;83;83;66;2.3;0.4;16.2;2;38.5;3.3;0.3;4.2;2.6;0;0;0
Elote enlatado;6;0.5;taza;82;82;66;2.1;0.8;15.2;1.6;40;4;0.7;175;2.3;46;37.7;0
English miffin;6;0.5;pieza;29;29;67;2.2;0.5;13.1;0.8;10.5;49.5;0.7;132;0;77;21.9;0
Espagueti cocido;6;0.333333333333333;taza;46;46;57;2.5;0.2;12.3;2.1;2.3;6.9;0.5;1.4;0.4;44;20.3;0
Espagueti con espinacas cocido;6;0.333333333333333;taza;47;47;61;2.1;0.3;12.2;0;5.7;14;0.5;6.7;0;0;0;0
Espagueti crudo;6;20;g;20;20;70;2.9;0.3;15;0.1;11.4;8;0.7;1.6;0;0;0;0
Espagueto integral cocido;6;0.333333333333333;taza;46;46;57;2.5;0.3;12.3;2.1;2.3;6.9;0.5;1.3;0;0;0;0
Espagueti integral crudo;6;20;g;20;20;70;2.9;0.3;15;0.1;11.4;8;0.7;1.6;0;0;0;0
Espaguetti cocido;6;0.333333333333333;taza;47;47;58;2.5;0.3;12.4;2.1;2.3;7;0.5;1.4;0.4;44;20.5;0
Espaguetti con espinacas cocido;6;0.333333333333333;taza;47;47;61;2.1;0.3;12.2;0;5.7;14;0.5;6.7;0;0;0;0
Espaguetti crudo;6;20;g;20;20;70;2.9;0.3;15;0.1;11.4;8;0.7;1.6;0;0;0;0
Espaguetti integral cocido;6;0.333333333333333;taza;47;47;58;2.5;0.3;12.4;2.1;2.3;7;0.5;1.4;0.4;0;0;0
Fécula de maíz;6;2;cucharada;16;16;60;0;0;14.4;0;0;0;0;0;0;0;0;0
Fécula de maíz de sabor;6;2;cucharada;16;16;60;0;0;14.4;0;0;0;0;0;0;0;0;0
Fetuccini crudo;6;20;g;20;20;70;2.7;0.5;14.1;0.6;3.9;4.3;0.6;3.2;0.6;0;0;0
Fibra uno;6;0.5;taza;30;30;60;2;1;25;14.2;0;100;4.5;105;0;0;0;0
Fideo cocido;6;0.5;taza;20;20;74;2.5;0.2;15;0.1;5;5.4;0.3;0.4;0;0;0;0
Fideo con tomate deshidratado;6;2;cucharada;20;20;72;2.6;1;13.3;0;0;0;0.3;399.4;0;0;0;0
Fideo crudo;6;20;g;20;20;72;2.7;0.5;14.5;0.7;4.2;4.2;0.6;1.1;0.7;0;0;0
Fideo seco deshidratado;6;2;cucharada;20;20;72;2.6;1;13.3;0;0;0;0.3;399.4;0;0;0;0
Fruitcake;6;0.5;rebanada;20;20;65;0.6;1.8;12.3;0.7;0.5;6.5;0.4;54;8.6;0;0;0
Fusili cocido;6;0.333333333333333;taza;46;46;57;2.5;0.2;12.3;2.1;2.3;6.9;0.5;1.4;0.4;0;0;0
Fusili crudo;6;20;g;20;20;70;2.9;0.3;15;0.1;11.4;8;0.7;1.6;0;0;0;0
Galleta barras de higo;6;1;pieza;16;16;56;0.6;1.2;11.3;0.7;2;10;0.5;56;0;0;0;0
Galleta de animalitos;6;6;pieza;15;15;68;1.1;2.1;11.3;0.2;2.1;6.4;0.4;59.5;3.4;0;0;0
Galleta de manzana;6;1;pieza;15;15;50;0.5;0;12;0.5;0;0;0;30;7;0;0;0
Galleta dulce;6;2;pieza;16;16;64;1.1;1.7;10.7;0.7;1.1;3.5;0.3;48.5;0;0;0;0
Galleta dulce sin relleno;6;2;pieza;16;16;64;1.5;1.7;10.7;0.7;1.1;3.5;0.3;48.5;0;0;0;0
Galleta maría;6;5;pieza;19;19;69;1.3;1.3;13.8;0.1;6.3;0;0.5;110.6;11.3;0;0;0
Galletas para sopa;6;14;pieza;18;18;70;1.2;1.8;12.8;0;0;0;0;268.3;0;0;0;0
Galleta salada;6;4;pieza;16;16;69;1.4;2.1;11.2;0;1.1;7.8;0.3;176;0;0;0;0
Galleta salada integral;6;4;pieza;16;16;70;1.6;1.9;11.2;0.4;0;4.3;0.1;108.8;0.6;0;0;0
Galleta salada molida;6;2.5;cucharada;15;15;65;1.3;2;10.5;0;1.1;7.4;0.2;165;0;0;0;0
Galleta de avena pasas;6;1.5;galletas;15;15;61;1.3;2;9.5;1.3;0;0;0;57;4.7;0;0;0
Galletas de maíz horneadas sin grasa (salmas);6;3;pieza;18;18;64;1.4;0.6;13;1.4;0;0;0;67.9;0;0;0;0
Galletas Marías;6;5;galleta;19;19;69;1.3;1.3;13.8;0.1;6.3;0;0.5;110.6;11.3;0;0;0
Galletas Marias azucaradas;6;4;galleta;16;16;63;1;1.5;11.5;0.1;32.8;0;2.2;98;3.5;0;0;0
Gluten de trigo;6;3;cucharada;18;18;68;7.5;0.3;8.5;0;0;7.2;0;0.4;0;0;0;0
Granola baja en grasa;6;3;cucharada;18;18;70;1.5;1.1;14.4;1.1;36.7;7;0.7;44.1;4.4;0;0;0
Granola con frura seca. baja en grasas;6;3;cucharada;18;18;69;1.3;0.8;14.4;1;0;6.5;0.5;68.7;6.2;0;0;0
Habaneras Bran trigo entero;6;4;galleta;18;18;72;1.7;2.4;11;1.6;0;0;0;90;0.8;0;0;0
habaneras Clásicas;6;4;galleta;18;18;75;1.8;1.7;13.1;0.6;0;0;1.6;128.7;0.3;0;0;0
Habaneras integrales;6;4;galleta;18;18;69;1.9;1.6;11.9;1.5;0;0;1.7;83.7;0.3;0;0;0
Harina;6;2.5;cucharada;20;20;73;2.1;0.2;15.3;0.5;5.3;3;0.9;0.5;0.3;0;0;0
Harina blanca;6;2.5;cucharada;20;20;73;2.1;0.2;15.3;0.5;5.3;3;0.9;0.5;0.3;0;0;0
Harina blanca refinada;6;20;g;20;20;73;2.1;0.2;15.3;0.5;5.3;3;0.9;0.5;0.3;0;0;0
Harina de alforfón;6;2.5;cucharada;20;20;67;2.5;0.6;14.1;2;0;0;0;7;0.5;0;0;0
Harina de amaranto;6;2;cucharada;19;19;68;2.7;1;11.9;1.3;0;0;0;0.2;0;66;12.5;0
Harina de arroz;6;2;cucharada;20;20;72;1.4;0.6;15.1;0.9;3.1;2.1;0.4;1.6;0.2;0;0;0
Harina de arroz refinada;6;2;cucharada;20;20;75;1.2;0.3;16.3;0.5;0.9;2;0.1;0;0;0;0;0
Harina de cebada;6;2;cucharada;18;18;62;2.2;0.3;10.9;2.2;0;0;0;0.4;0;0;0;0
Harina de centeno ;6;2;cucharada;18;18;63;2.1;0.3;13.6;0.2;0;4.9;0.5;0.2;0;0;0;0
Harina de centeno integral;6;2.5;cucharada;20;20;65;2.8;0.5;13.8;4.5;12;11.3;1.3;0.2;0;0;0;0
Harina de maíz;6;2.5;cucharada;18;18;65;1.7;0.7;13.6;1.7;4.2;25.2;1.3;0.9;0;0;0;0
Harina de maíz nixtamalizada;6;2.5;cucharada;18;18;65;1.7;0.7;13.6;1.7;4.2;25.2;1.3;0.9;0;0;0;0
Harina de maíz para atole;6;2;cucharada;15;15;60;1.2;0.8;11.8;0.2;0;5.3;0.4;0;0;0;0;0
Harina de maíz para tamales;6;2;cucharada;14;14;62;1.4;0.7;12.7;0.1;0;19.4;0.5;0.1;0;0;0;0
Harina de papa;6;2;cucharada;19;19;66;1.5;0.1;15;1.1;9.6;6.3;3.2;6.5;0;0;0;0
Harina de trigo;6;2.5;cucharada;20;20;71;2;0.2;14.9;0.5;5.2;3;0.9;0.5;0.3;41;8;0
Harina de trigo integral;6;2.5;cucharada;19;19;64;2.6;0.3;13.6;2.3;8.3;6.4;0.7;0.9;0.4;30;5.6;0
Harina de trigo para panificación;6;2;cucharada;17;17;62;2.1;0.3;12.4;0.4;5;2.6;0.8;0.4;0;0;0;0
Harina de trigo para pasteleria;6;2.5;cucharada;17;17;62;1.4;0.1;13.3;0.3;3.3;2.3;1.2;0.3;0;0;0;0
Harina integral;6;2.5;cucharada;19;19;64;2.6;0.3;13.6;2.3;8.3;6.4;0.7;0.9;0.4;0;0;0
Harina integral de centeno;6;2.5;cucharada;20;20;65;2.8;0.5;13.8;4.5;12;11.3;1.3;0.2;0;0;0;0
Harina integral de trigo;6;2.5;cucharada;19;19;64;2.6;0.3;13.6;2.3;8.3;6.4;0.7;0.9;0.4;0;0;0
Harina nixtamalizada;6;2.5;cucharada;18;18;67;1.3;0.8;13.8;1.7;0;24.9;0.7;0.2;0;0;0;0
Harina para brownies;6;1.5;cucharada;13;13;60;0.7;2.3;9;0;0;0;0.2;36.6;6.3;0;0;0
Harina para brownies baja en grasa;6;2;cucharada;18;18;61;0.9;1.2;12.6;0.5;0;0;0.5;56.1;8.4;0;0;0
Harina para hot cakes;6;2;cucharada;18;18;61;1.7;0.2;13.3;0.5;1.5;6;0.8;243.6;1.9;0;0;0
Harina para reposteria;6;2;cucharada;16;16;60;1.7;0.2;12.6;0.1;0;5;0;0.3;0;0;0;0
Harina para tamales;6;2;cucharada;14;14;62;1.4;0.7;12.7;0.1;0;19.4;0.5;0.1;0;0;0;0
Hilos de trigo entrelazados con miel maple y azúcar;6;9;pieza;20;20;69;1.6;0.3;16;1.9;0;6.4;6.1;0.4;0;0;0;0
Hojuelas de 7 fibras;6;0.333333333333333;taza;20;20;70;2.8;0.3;15.4;2.8;0;13.9;0.5;10.6;0;0;0;0
Hojuelas de arroz;6;0.5;taza;16;16;55;3.2;0.2;11.2;0.5;50;2.5;4.1;125;1.5;0;0;0
Hojuelas de avena;6;0.333333333333333;taza;26;26;65;4.6;1.9;17.5;4.1;13.6;15.3;1.4;0.9;0;0;0;0
Hojuelas de avena con maple;6;0.333333333333333;taza;26;26;65;4.6;1.9;17.5;4.1;13.6;15.3;1.4;0.9;0;0;0;0
Hojuelas de avena eulzadas con miel y almeras;6;0.333333333333333;taza;14;14;59;1.1;1.2;11.3;0.7;0;5.1;3.8;87.3;0;0;0;0
Hojuelas de avena instantaneas con pasas. dátiles y nueces. Preparado;6;0.25;taza;61;61;71;1.7;1.1;14.3;1.3;0;56.6;2.1;125.7;0;0;0;0
Hojuelas de avena instantáneas con pasas y especieas. Preparado;6;0.25;taza;62;62;62;1.3;0.7;12.5;1;0;42.9;1.5;93;6;0;0;0
Hojuelas de avena instantáneas con miel maple y azúcar morena. Preparado;6;0.25;taza;59;59;60;1.4;0.8;11.8;1.1;0;40.9;1.4;95.9;4.8;0;0;0
Hojuelas de avena. fruta seca y nueces;6;0.25;taza;21;21;72;2.1;1.1;16.5;1.6;0;0;1.9;49;0;0;0;0
Hojuelas de cereales con frutas secas;6;0.333333333333333;taza;18;18;70;1.3;1;14;1;33.3;83.3;1.5;110;0;0;0;0
Hojuelas de maíz;6;0.75;taza;19;19;67;1.4;0.1;15.8;0.6;109.3;1.3;5.4;136.7;1.8;81;15.2;0
Hojuelas de maíz azucaradas;6;0.333333333333333;taza;13;13;52;0.7;0.1;12;0.3;106.5;0;1.9;75.6;0;0;0;0
Hojuelas de maíz y trigo con frutas y nueces;6;0.333333333333333;taza;18;18;70;1.3;1;14;1;33.3;83.3;1.5;110;0;0;0;0
Hojuelas de papa para puré;6;20;g;20;20;71;1.7;0.1;16.2;1.3;9.2;5.4;0.2;20.8;0;0;0;0
Hojuelas de salvado;6;0.333333333333333;taza;21;21;67;1.8;0.5;16;2.3;0;9.8;2.6;119.7;0;0;0;0
Hojuelas de salvado con pasas;6;0.333333333333333;taza;19;19;66;1.1;0.4;15.8;1.4;0;6.7;1.6;73.2;0;0;0;0
Hojuelas de trigo;6;0.5;taza;18;18;59;1.8;0.3;14.1;0.3;0;7.2;0.8;180.6;0;0;0;0
Hojuelas de trigo con miel;6;0.5;taza;18;18;62;1.6;0.4;14.3;1.9;11.9;8.1;2.8;101.3;0;0;0;0
Hojuelas de trigo integral;6;0.5;taza;16;16;59;3.5;0.3;11;0.4;0;4.5;4.2;112;0;0;0;0
Hojuelas de trigo integral con frutos rojos;6;0.5;taza;16;16;57;1.9;0.2;12.5;0.5;0;9.5;4.1;110;0;0;0;0
Hojuelas de trigo integral con chispas de yogur;6;0.5;taza;19;19;64;2.1;0.1;14.7;3.4;0;12;1.5;78.3;0;0;0;0
Hojuelas de trigo integral con fibra extra;6;0.5;taza;26;26;50;3.8;1.2;26;16.9;0;1404;60.8;1612;0;0;0;0
Hojuelas de trigo integral con frutas y yogur;6;0.333333333333333;taza;15;15;57;1;0.4;11.6;0.4;0;3.3;2.1;63.9;0;0;0;0
Hojuelas de trigo negro;6;0.333333333333333;taza;59;59;54;2;0.4;11.7;1.6;0;4.2;0.5;2.5;0;0;0;0
Hojuelas fortificadas de trigo entero. almeras. nueces y miel;6;0.25;taza;15;15;58;1.5;1.3;11.4;1.3;24.9;39.9;1.7;75.5;0;0;0;0
Hojuelas avena instantánea con manzana y canela;6;0.333333333333333;taza;79;79;69;1.4;0.8;14;1.4;0;58.1;2;87.2;0;0;0;0
Hot cake;6;0.75;pieza;38;38;69;2.5;2.3;9.7;0;4.9;81.9;0.7;164.8;0;67;25.1;0
Lasagna cruda;6;20;g;20;20;68;1.9;0.1;14.6;0.4;5;5.2;0.4;0.4;0;0;0;0
Lasaña cocida;6;20;g;20;20;68;1.9;0.1;14.6;0.4;5;5.2;0.4;0.4;0;0;0;0
Macarrón cocido;6;0.333333333333333;taza;47;47;66;2.2;0.3;13.2;0.6;3.3;3.3;0.7;0.3;0;0;0;0
Macarrón crudo;6;20;g;20;20;68;1.9;0.1;14.6;0.4;5;5.2;0.4;0.4;0;0;0;0
Macarrón integral cocido;6;0.333333333333333;taza;47;47;58;2.5;0.3;12.4;1.3;2.3;7;0.5;1.3;0;0;0;0
Maicena;6;2;cucharada;16;16;60;0;0;14.4;0;0;0;0;0;0;0;0;0
Maicena sabor;6;2;cucharada;16;16;60;0;0;14.4;0;0;0;0;0;0;0;0;0
Maíz;6;20;g;20;18;67;2.2;0.9;13;2.2;0;1.5;0.4;0.2;0;0;0;0
Maíz amarillo;6;20;g;20;18;67;2.2;0.9;13;2.2;0;1.5;0.4;0.2;0;53;9.8;0
Maíz amarillo cocido;6;20;g;20;18;67;2.2;0.9;13;2.2;0;1.5;0.4;0.2;0;0;0;0
Maíz azul;6;20;g;20;18;67;1.5;0.8;13.7;2.2;0;29.3;0.5;0.2;0;0;0;0
Maíz blanco;6;20;g;20;18;67;2.2;0.9;13;2.2;0;1.5;0.4;0.2;0;0;0;0
Maíz blanco cocido;6;25;g;25;19;68;2.2;0.9;13.3;2.3;0;1.5;0.4;0.2;0;59;11.1;0
Maíz cacahuacintle;6;20;g;20;18;67;2.2;0.9;13;2.2;0;1.5;0.4;0.2;0;0;0;0
Maíz cacahuacintle;6;20;g;20;18;67;2.2;0.9;13;2.2;0;1.5;0.4;0.2;0;0;0;0
Maíz palomero;6;20;g;20;20;73;2.4;0.9;14.2;2.4;0;3.4;0.4;0.2;0;0;0;0
Maíz pozolero;6;0.333333333333333;taza;54;54;58;1.8;0.7;13.6;1.5;0;1.1;0.3;9.2;0;0;0;0
Maizena;6;2;cucharada;16;16;60;0;0;14.4;0;0;0;0;0;0;0;0;0
Malanga;6;70;g;70;60;67;0.9;0.1;15.9;2.5;13.2;25.9;0.3;6.6;0;0;0;0
Marias cerealé fresa;6;1.5;pieza;15;15;66;1.1;2.1;10.7;0;0;0;0;63.8;0;0;0;0
Masa de maíz;6;45;g;45;45;69;1.6;0.9;14.3;1.5;0;31.5;0.7;0;0;0;0;0
Masa de maíz amarillo;6;35;g;35;35;66;1.5;0.8;13.5;1.2;0;30.8;0.6;0;0;0;0;0
Masa de maíz blanco;6;45;g;45;45;69;1.6;0.9;14.3;1.5;0;31.5;0.7;0;0;0;0;0
Masa pasa tortillas;6;45;g;45;45;69;1.6;0.9;14.3;1.5;0;31.5;0.7;0;0;0;0;0
Masa Yucatán;6;40;g;40;40;69;1.8;0.5;14.6;1.4;0;36;0.8;0;0;0;0;0
Media noche;6;0.5;pieza;22;22;55;2;1;10.5;0.5;0;10;0.5;105;1.5;0;0;0
media noche con ajonjoli;6;0.5;pieza;22;22;55;2;1;10.5;0.5;0;10;0.5;105;1.5;0;0;0
Mijo cocido;6;0.333333333333333;taza;57;57;68;2;0.6;13.6;0.8;0;1.6;0.4;1;0.1;0;0;0
Mijo crudo;6;15;g;15;15;57;1.7;0.6;10.9;1.3;0;1.2;0.5;0.8;0;0;0;0
Mueslix con manzana y almera;6;0.25;taza;18;18;68;1.7;1.6;13.2;1.5;0;11.1;1.5;87.1;3;0;0;0
Nixtamal;6;45;g;45;45;69;1.6;0.9;14.3;1.5;0;31.5;0.7;0;0;0;0;0
Nutritas variedad de sabores;6;0.5;bolsita;17;17;67;1.4;1.4;12.3;0.5;0;0;0;99;0.5;0;0;0
Ñame;6;100;g;100;86;66;1.9;0.1;15.1;0.4;19.8;11.2;0.4;7.7;0;0;0;0
Palanqueta de amaranto;6;0.5;pieza;20;20;72;3.2;1.7;16.6;0.6;0;0;0;0;11.2;0;0;0
Palanqueta de amaranto con pasas;6;0.333333333333333;pieza;13;13;52;1;0;11.2;0;0;0;0;0;0;0;0;0
Palitos de pan;6;3;pieza;18;18;74;2.2;1.7;12.3;0.5;5.4;3.6;0.8;117.9;0;0;0;0
Palomitas;6;2.5;taza;18;18;70;3.5;0;14;3.5;0;0;0;140;0;55;9.6;0
Palomitas acarameladas;6;0.5;taza;18;18;76;0.7;2.3;13.9;0.9;0.5;7.5;0.3;36;6.9;0;0;0
Palomitas acarameladas sin grasa;6;0.75;taza;19;19;69;1.7;0;10;0;0;0;0;131.3;0.6;0;0;0
Palomitas fat free;6;2.5;taza;18;18;70;3.5;0;14;3.5;0;0;0;140;0;0;0;0
Palomitas naturales;6;2.5;taza;18;18;70;3.5;0;14;3.5;0;0;0;140;0;0;0;0
Palomitas sin grasa;6;2.5;taza;18;18;70;3.5;0;14;3.5;0;0;0;140;0;0;0;0
Pambazo;6;0.5;pieza;25;25;67;2.5;1;12.5;1.5;0;10.5;0.3;142.3;1;0;0;0
Pan 5 granos;6;1;rebanada;25;25;62;2.4;2.1;9.6;1.6;0;0;0;83;0;0;0;0
Pan 7 granos;6;1;rebanada;26;26;65;2.6;1;12.1;1.7;12;24;0.9;127;0;55;14.3;0
Pan ácimo;6;0.333333333333333;pieza;20;20;57;1.3;1;11.1;0.5;2;16.2;0.5;78.9;0;0;0;0
Pan árabe;6;0.333333333333333;pieza;20;20;54;1.8;0.2;11;0.4;0;17;0.5;106.1;0.3;0;0;0
Pan árabe integral;6;0.333333333333333;pieza;21;21;56;2.1;0.6;1.6;1.6;7.3;3.3;0.6;112.2;0;0;0;0
Pan bagel dulce;6;0.333333333333333;pieza;23;23;64;2.3;0.4;12.9;0.5;5;4.3;0.9;75.6;0;0;0;0
Pan bagel integral;6;0.333333333333333;pieza;23;23;60;2.5;0.3;12.5;0.8;0;0;0;118.8;0;0;0;0
Pan bagel salado;6;0.333333333333333;pieza;23;23;64;2.5;0.4;12.5;0.5;5.3;17.5;0.8;125.1;0;0;0;0
Pan baguette;6;0.142857142857143;pieza;27;27;72;2.2;1;13.4;0.6;9.7;29.2;0.8;145.8;1;0;0;0
Pan birote;6;0.333333333333333;pieza;22;22;67;2.1;0;14.1;0.1;0;9.1;0.3;123.3;0;0;0;0
Pan blanco;6;1;rebanada;27;27;71;2.2;0.8;13.6;0.5;27.8;101.3;1.1;149.9;0;70;18.9;0
Pan centeno;6;0.75;rebanada;24;24;62;2;0.8;11.6;1.4;12;17.3;0.7;158.3;0;41;9.8;0
pan con salvado;6;0.75;rebanada;27;27;67;2.4;0.9;12.9;1.1;6.8;20.3;0.8;131.3;0;0;0;0
Pan de 5 granos;6;1;rebanada;25;25;62;2.4;2.1;9.6;1.6;0;0;0;83;0;0;0;0
Pan de 7 granos;6;1;rebanada;26;26;65;2.6;1;12.1;1.7;12;24;0.9;127;0;55;14.3;0
Pan de avena;6;1;rebanada;30;30;71;3.1;1.3;11.9;1.3;6.8;20;0.9;122;0;47;14.1;0
Pan de caja;6;1;rebanada;27;27;71;2.2;0.8;13.6;0.5;0;101.3;1.1;149.9;0;70;18.9;0
Pan de caja integral;6;1;rebanada;25;25;67;2.4;1;12.6;1.1;12;78;1;145.8;0;54;13.5;0
Pan de centeno y comino;6;1;rebanada;20;20;55;1.7;0.5;11;0.3;8;0;0;140;0;41;8.2;0
Pan de centeno y trigo;6;1;rebanada;28;28;73;2.6;0.2;15;0.1;27.8;10.6;0.8;156;0;41;11.5;0
Pan de girasol integral;6;1;pieza;25;25;57;2.1;1.4;9.7;1.1;29;0;0;90.5;0;57;14.3;0
Pan de hambueguesas chico;6;0.5;pieza;26;26;67;2.5;1.1;12.9;0.7;0;26.5;0.7;111.5;1.9;0;0;0
Pan de hot dog;6;0.5;pieza;22;22;55;2;1;10.5;0.5;0;10;0.5;105;1.5;0;0;0
Pan de hot dog con ajonjoli;6;0.5;pieza;22;22;55;2;1;10.5;0.5;0;10;0.5;105;1.5;0;0;0
pan de jengibre;6;1;rebanada;25;25;72;0.9;2.2;11.9;0;0;18.8;0.5;115.6;6.3;0;0;0
Pan de miel y avena;6;1;rebanada;28;28;71;3;1.1;12.7;0.9;0;19;1;140;0;0;0;0
Pan de plátano;6;0.75;rebanada;21;21;68;0.9;2.2;11.5;0.2;0;4.4;0.3;63.4;0;0;0;0
Pan de trigo con arroz;6;0.75;rebanada;21;21;59;1.4;1.5;10.2;0;0;14.7;0.4;85.5;0;0;0;0
Pan integral;6;1;rebanada;25;25;67;2.4;1;12.6;1.1;29;78;1;145.8;0;54;13.5;0
Pan matza;6;0.5;pieza;14;14;56;1.4;0.2;119;0.5;2;2;0.5;0.5;0;0;0;0
Pan melba;6;3;pieza;15;15;60;1.8;0.6;11.4;0.9;3;15;0.6;123;0;70;10.5;0
Pan molido;6;8;cucharadita;16;16;66;2.1;1;11.8;0.3;0;6.2;0.2;95.8;0;0;0;0
Pan negro;6;1;rebanada;26;26;69;2.1;0.5;15.2;0.3;0;12.7;2.4;144.8;0;47;12.2;0
Pan negro con trigo;6;1;rebanada;25;25;65;2;0.5;14.6;0.3;0;0;0;0;0;47;11.8;0
Pan para hambuerguesa chico;6;0.5;pieza;26;26;67;2.5;1.1;12.9;0.7;0;26.5;0.7;111.5;1.9;0;0;0
Pan para hambuerguesa grae;6;0.333333333333333;pieza;25;25;65;2.4;1.1;12.5;0.6;0;25.7;0.7;108.2;1.8;0;0;0
Pan para pambazo;6;0.5;pieza;25;25;67;2.5;1;12.5;1.5;0;10.5;0.3;142.3;1;0;0;0
"Pan tipo ""english miffin""";6;0.5;pieza;29;29;67;2.2;0.5;13.1;0.8;10.5;49.5;0.7;132;0;77;21.9;0
Pan tipo media noche;6;0.5;pieza;22;22;55;2;1;10.5;0.5;0;10;0.5;105;1.5;0;0;0
Pan tostado;6;1;rebanada;15;15;64;1.6;1.2;11.8;0.1;0;13.5;0.9;88.1;2.2;0;0;0
Panqué fat-free;6;0.5;rebanada;25;25;71;1.4;0.3;15.3;0.3;17.5;10.8;0.5;85.3;8.6;0;0;0
Papa al horno con cáscara;6;0.5;pieza;78;78;73;1.5;0.1;16.8;1.2;7;3.9;0.3;3.9;1.3;60;46.8;0
Papa al horno sin cáscara;6;0.5;pieza;78;78;73;1.6;0.1;16.8;1.2;7;4;0.3;4;1.4;0;0;0
Papa cocida;6;0.5;pieza;68;68;59;1.3;0.1;13.7;1.2;7.1;3.5;0.2;2.5;0.6;54;36.7;0
Papa cocida sin cascara;6;0.5;pieza;68;68;58;1.2;0.1;13.7;1.2;6.1;5.4;0.2;3.4;0.6;0;0;0
Papa de agua;6;1;pieza;95;78;71;2.6;0.2;15.5;0.4;0;14.8;1.6;0;0;0;0;0
Papa de cambray;6;5;pieza;115;94;72;1.5;0.1;16.5;0.5;12.3;12.3;2.5;5.7;0;0;0;0
Papa hervida con piel;6;0.5;pieza;68;68;59;1.3;0.1;13.7;1.2;7.1;3.5;0.2;2.5;0.6;65;44.2;0
Papa hervida pelada;6;0.5;pieza;68;68;58;1.2;0.1;13.7;1.2;6.1;5.4;0.2;3.4;0.6;0;0;0
Papa picada;6;0.75;taza;128;105;72;1.8;0.1;16.4;2.5;18.8;9.4;0.5;6.3;1.2;0;0;0
Papa roja cruda;6;0.5;pieza;85;85;60;1.6;0.1;13.5;1.4;15.3;8.5;0.6;5.1;0.9;0;0;0
Papas hojuelas para puré;6;20;g;20;20;71;1.7;0.1;16.2;1.3;9.2;5.4;0.2;20.8;0.7;0;0;0
Papilla de arroz;6;0.5;taza;17;17;67;1.4;0.5;14.1;1.1;2.5;9.1;7.9;2;0.2;0;0;0
Papilla de arroz deshidratada;6;15;g;15;15;59;1.1;0.7;11.6;0.1;3.6;127.5;7.1;4.8;0;0;0;0
Papilla de avena deshidratada;6;15;g;15;15;56;1;0.2;12;0.1;0;128.7;7.5;41;0;0;0;0
Papilla de maíz deshidratada;6;0.75;sobre;21;21;72;1.8;0.2;16.6;1.1;1.5;4.5;6.6;228.8;0.1;0;0;0
Pasta cocida;6;0.5;taza;60;60;78;3.2;1.1;14;0;11.6;6.3;0.7;49.5;0;44;26.4;0
Pasta con huevo;6;0.333333333333333;taza;15;15;57;1.9;0.6;11;0;0;5.2;0.4;0.7;0;0;0;0
Pasta cruda para sopa;6;20;g;20;20;68;1.9;0.1;14.6;0.4;5;5.2;0.4;0.4;0;0;0;0
Pasta de codito;6;0.5;taza;20;20;74;2.5;0.2;15;0.1;5;5.4;0.3;0.4;0;0;0;0
Pasta de estrellitas;6;0.25;taza;19;19;69;2.3;0.2;14.1;0.1;4.7;5.1;0.2;0.4;0;0;0;0
Pasta de lagrimitas;6;0.25;taza;19;19;69;2.3;0.2;14.1;0.1;4.7;5.1;0.2;0.4;0;0;0;0
Pasta de letras;6;0.25;taza;19;19;69;2.3;0.2;14.1;0.1;4.7;5.1;0.2;0.4;0;0;0;0
Pasta de moño;6;0.5;taza;20;20;74;2.5;0.2;15;0.1;5;5.4;0.3;0.4;0;0;0;0
Pasta de municiones;6;0.25;taza;19;19;69;2.3;0.2;14.1;0.1;4.7;5.1;0.2;0.4;0;0;0;0
Pasta de trigo cocida;6;0.5;taza;60;60;78;3.2;1.1;14;0;11.6;6.3;0.7;49.5;0;0;0;0
Pasta de trigo fresca;6;25;g;25;25;72;2.8;0.6;13.7;0;44;3.8;0.8;6.5;0;0;0;0
Pasta fresca;6;25;g;25;25;72;2.8;0.6;13.7;0;44;3.8;0.8;6.5;0;0;0;0
Pasta integral cocida;6;0.333333333333333;taza;46;46;57;2.5;0.3;12.3;2.1;2.3;6.9;0.5;1.3;0;0;0;0
Pasta integral cruda;6;20;g;20;20;65;2.7;0.1;14.5;0.4;0;10.4;0.5;1.6;0;0;0;0
Pasta tornillo;6;0.333333333333333;taza;15;15;57;1.9;0.6;11;0;0;5.2;0.4;0.7;0;0;0;0
Pasta ángel;6;1;rebanada;28;28;73;1.7;0.2;16.4;0.4;1;40;0.2;212;0;67;18.8;0
Peneques;6;2;pieza;26;26;58;1.5;0.4;12.3;1.2;0;28.1;0.7;0;0;0;0;0
Pinole;6;15;g;15;15;58;1.6;0.9;11.3;0;0;11.9;1.2;0;0;0;0;0
Pretzels;6;6;pieza;18;18;69;1.7;0.6;14.5;0.6;15.4;6.4;0.8;312.4;0;83;14.9;0
Puré de camote;6;0.25;taza;60;60;60;1.2;0.1;13.8;1;0.1;18;0.8;44.6;0;0;0;0
Puré de camote con naranja;6;0.25;taza;50;50;77;0.2;0;19;0;0;4.2;0.1;5.2;0;0;0;0
Puré de papa hojuelas;6;0.333333333333333;taza;20;20;70;1.7;0.1;16.1;1.3;9.1;5.3;0.2;20.6;0.7;0;0;0
Quaker instant 0% azúcar;6;0.5;sobre;18;18;60;1.5;0.7;11.8;0;0;0;0;85.1;0;0;0;0
Quinoa;6;20;g;20;20;74;2.8;1.2;12.8;1.4;0;9.4;0.9;0.9;0;0;0;0
Raíz de chayote;6;100;g;100;80;63;1.6;0.2;14.2;0.3;0;5.6;0.6;0;0;0;0;0
Sagú;6;55;g;55;44;70;1.1;0;16.3;0.8;0;8.8;1.4;0;0;0;0;0
Salvado de trigo;6;6;cucharada;29;29;64;2.4;0.2;24.4;24.4;1.1;12.5;0.8;2.3;0;0;0;0
Salvado de trigo;6;8;cucharada;31;31;66;4.8;1.3;19.8;13.1;24.5;22.5;3.2;1;0.7;0;0;0
Semora de maíz preparada;6;0.5;taza;121;121;72;1.7;0.3;15.6;0.4;0;3.5;0.2;2.5;0.1;0;0;0
Semolina;6;20;g;20;20;72;2.5;0.2;14.6;0.8;14.3;3.3;0.9;0.2;0;0;0;0
Sopa  instan ramen sin  preparar;6;50;g;50;50;67;2;1;11.3;0.7;0;0;1.4;493.5;1.3;0;0;0
Sorgo;6;1.5;cucharada;18;18;61;2;0.6;13.4;0;0;5.1;0.8;1.1;0;0;0;0
Tallarin cocido;6;0.333333333333333;taza;16;16;60;2;0.3;12.1;0.1;0;10.2;0.5;0;0;0;0;0
Tallarin crudo;6;20;g;20;20;74;2.5;0.2;15;0.1;5;5.4;0.3;0.4;0;0;0;0
Tapioca;6;2;cucharada;19;19;65;0;0;16.2;0;0;0;0;0;0;70;13.6;0
Telera;6;0.333333333333333;pieza;23;23;62;1.8;0.8;11.5;0.6;8.3;24.9;0.7;124.7;0.8;0;0;0
Tortilla;6;1;pieza;30;30;64;1.4;0.5;13.6;0.6;0;58.8;0.8;0;0;52;15.6;0
Tortilla de maíz;6;1;pieza;30;30;64;1.4;0.5;13.6;0.6;0;58.8;0.8;0;0;52;15.6;0
Tortilla de maíz amarillo;6;1;pieza;32;32;68;1.5;0.6;14.5;0.7;0;62.7;0.8;0;0;0;0;0
Tortilla de maíz azul o negro;6;1;pieza;32;32;70;1.6;0.9;14.1;0.3;0;40;0.8;0.2;0;0;0;0
Tortilla de mapiz blanco;6;1;pieza;30;30;67;1.8;0.5;14.2;1.3;0;32.4;0.8;0;0;52;15.6;0
Tortilla de maíz y soya;6;1;pieza;33;33;75;2.2;1.4;13.8;0.7;0;42.2;1.6;0;0;0;0;0
Tortilla de maíz y trigo;6;1;pieza;32;32;73;3.2;0.5;14.9;1.4;0;32.6;0.7;0;0;0;0;0
Tortilla de nopal;6;3;pieza;69;69;60;3.2;1.2;13.1;9;0;135.2;1.8;0;0;0;0;0
Tostada de maíz horneada;6;2;pieza;20;20;73;2;1.3;16;2;0;0;0;0;0;0;0;0
Tpstada de nopal horneada;6;2;pieza;20;20;67;1.3;1.3;15.3;2.7;0;0;0;0;0;0;0;0
Trigo;6;1.5;cucharada;21;21;71;2.2;0.5;15.4;0.7;0;12.2;0.2;0.6;0;0;0;0
Trigo cocido;6;1.5;cucharada;21;21;70;2.2;0.5;15.1;0.7;0;12;0.2;0.6;0;0;0;0
Trigo entero;6;2;cucharada;19;19;63;2;0.5;13.8;0.6;0;10.9;0.2;0.6;0;0;0;0
Trigo negro;6;20;g;20;20;69;2.3;0.5;13.8;2.1;0;63.8;0;64;0;0;0;0
trigo triturado;6;1.5;cucharada;20;20;66;2.1;0.5;14.3;0.6;0;11.3;0.2;0.6;0;0;0;0
Yuca;6;0.25;pieza;88;60;72;0.6;0.4;16.8;0.7;0;30.9;1.4;4.8;0;0;0;0
Yuquilla;6;150;g;150;129;68;5.3;0;12.4;1.5;0;65.8;15.7;0;0;0;0;0
Barra Choco Krispis;7;1;barra;19;19;17;1;1.5;15;0.5;0;0;0;90.6;0;0;0;0
Barra de fruta con Avena fresa;7;30;g;30;30;120;1.6;4.8;17.7;1.9;0;0;0;54.9;0;0;0;0
Barra de granola;7;0.75;pieza;21;21;101;2.2;4.2;13.7;1.1;5.3;12.8;0.6;62.3;0;0;0;0
Barra multigrano linaza;7;20;g;20;20;99;1.9;4.8;12;1.4;0;0;0;36.9;0;0;0;0
Barra zucaritas;7;1;barra;21;21;90;1;2;16;0.5;0;0;0;100;0;0;0;0
Barra Chewy para niños varios sabores;7;1;paquete;23;23;95;1.6;2.3;17;1.5;0;0;0;69.9;0;0;0;0
Barrita de granola con cacahuate;7;0.333333333333333;pieza;19;19;87;1.4;5;11;0.7;0;9.6;0.2;31.7;5.9;0;0;0
Barrita de granola con choco chip;7;1;pieza;28;28;119;2.1;4.7;19.6;1.4;6;26;0.7;77;0;0;0;0
Barrita de granola con pasitas y nuez;7;0.75;pieza;21;21;87;1.7;4.4;13.5;1.2;6.8;18;0.5;54;0;0;0;0
Barrita de granola cubierta con chocolate;7;0.75;pieza;21;21;98;1.2;5.3;13.4;0.8;5.3;21.8;0.5;42;0;0;0;0
Barrita de fresa;7;0.333333333333333;pieza;21;21;97;1.1;3.9;14.4;0.3;26.4;0;1;36.6;0;50;10.6;0
Barrita marinela;7;20;g;20;20;91;0.7;3.8;13.4;0.2;0;0;0;32.5;0;0;0;0
Base para pay;7;20;g;20;20;110;1;8;9;0;0;0;0.4;150;0;0;0;0
Bigote relleno de chocolate;7;0.333333333333333;pieza;21;21;93;1.5;4.6;11.3;0.4;0;0;0;55.2;0;0;0;0
Bigote de cajeta;7;0.333333333333333;pieza;22;22;103;2.4;5;9;0;23.1;39.6;0.4;131.5;0;0;0;0
Bigotes de chocolate;7;0.333333333333333;pieza;22;22;103;2.4;5;9;0;23.1;39.6;0.4;131.5;0;0;0;0
Bigotes miniatura de cajeta;7;2;pieza;26;26;119;2.8;5.8;10.5;0;26.8;45.9;0.5;152.4;0;0;0;0
Bimbuñuelos;7;2;pieza;30;30;120;0.9;5.8;16;0;0;0;0;103.6;0;0;0;0
Bisquet;7;0.5;pieza;33;33;118;2;5.4;15.8;0.5;1.9;15.8;1.1;341.7;0;0;0;0
Botanas con proteinas de amaranto;7;0.5;bolsa;20;20;101;1.5;5.8;10.1;0.5;0;0;0;100.4;0;0;0;0
Brownie casero;7;1;pieza;24;24;112;1.5;7;12;0;4;14;0.4;82;0;0;0;0
Brownie comercial;7;0.5;pieza;28;28;114;1.4;4.6;17.9;0.6;3.5;8;0.6;87.5;0;0;0;0
Charritos de amaranto;7;0.5;bolsa;20;20;101;1.5;5.8;10.1;0.5;0;0;0;100.4;0;0;0;0
Cheescake;7;1;rebanada;30;30;96;1.7;6.8;7.7;0.1;0;0;0;0;0;0;0;0
Cheetos;7;20;g;20;20;110;0.8;7.2;10.4;0;0;0;0;128;0;0;0;0
Cheetos poffs;7;20;g;20;20;106;1.6;6.4;10.4;0.6;0;0;0;158;0;0;0;0
Chetos torciditos;7;20;g;20;20;108;1;7;10.2;0.4;0;0;0;126;0;0;0;0
Chicharrón de harina enchilado;7;0.5;bolsa;23;23;106;2.1;5.6;12.5;0.9;0;0;0;0;0;0;0;0
Chips ahoy;7;2;pieza;19;19;91;1;4;12.6;0.3;0;0;0;65.9;0;0;0;0
Chips de platano;7;0.428571428571429;bolsa iividual;21;21;109;0.5;7.1;12.3;1.7;0;0;0;0;7.4;0;0;0
Choco chispas;7;4;pieza;18;18;93;1;0.2;12.7;0.2;0;0;0;49.2;0;0;0;0
Churritos barcel;7;0.25;paquete;15;15;83;0.8;5.5;7.7;0.7;0;0;0;191.7;0;0;0;0
Concha. pan dulce;7;0.333333333333333;pieza;21;21;87;2.3;3.7;11.1;0;0;7.9;1;82.4;0;0;0;0
Costra para pay casera;7;90;g;90;90;109;1.4;7.2;9.8;0.4;0;0;0;0;0;0;0;0
Costra para pay congelada;7;125;g;125;125;101;1.3;5.8;11.3;0.6;0;0;0;0;0.9;0;0;0
Croissant;7;0.5;pieza mediana;29;29;116;2.3;6;13.1;0.7;37.1;10.5;0.6;133.1;3.2;0;0;0
Croissant de manzana;7;0.75;pieza mediana;43;43;109;3.2;3.7;15.9;1.1;37.6;12.8;0.5;117.1;0;0;0;0
Croissant de queso;7;0.5;pieza mediana;29;29;118;2.6;6;13.4;0.7;29.4;15.1;0.6;102.9;3.2;0;0;0
Croutones sazonados;7;0.75;taza;23;23;105;2.4;4.1;14.3;1.1;9;21.4;0.6;278.4;0;0;0;0
Cuernitos;7;0.5;pieza mediana;29;29;116;2.3;6;13.1;0.7;37.1;10.5;0.6;133.1;3.2;0;0;0
Cuernitos de manzana;7;0.75;pieza mediana;43;43;109;3.2;3.7;15.9;1.1;37.6;12.8;0.5;117.1;0;0;0;0
Cuernitos de queso;7;0.5;pieza mediana;29;29;118;2.6;6;13.4;0.7;29.4;15.1;0.6;102.9;3.2;0;0;0
Cuernos;7;0.5;pieza mediana;29;29;116;2.3;6;13.1;0.7;37.1;10.5;0.6;133.1;3.2;0;0;0
Cupcake de chocolate;7;0.5;pieza ;30;30;105;1;3.5;18;1;0;0;0;0;13;0;0;0
Dalmata;7;0.333333333333333;pieza;19;19;83;0.8;4;10.9;0.2;0;0;0;47.9;0;0;0;0
Dona;7;0.333333333333333;pieza;21;21;90;1;4.9;10.7;0.3;1.8;9.6;0.4;117.3;3.6;76;16.3;0
Dona azucarada;7;0.333333333333333;pieza;21;21;90;1;4.9;10.7;0.3;1.8;9.6;0.4;117.3;3.6;76;16.3;0
Dona glaseada de chocolate;7;0.333333333333333;pieza;21;21;102;1;6.6;10.3;0.4;3.5;7.5;0.5;91.8;0;0;0;0
Dona glaseada sabor chocolate;7;0.333333333333333;pieza;21;21;102;1;6.6;10.3;0.4;3.5;7.5;0.5;91.8;0;0;0;0
Dona glaseada;7;0.333333333333333;pieza;21;21;90;1;4.9;10.7;0.3;1.8;9.6;0.4;117.3;3.6;76;16.3;0
Doraditas;7;0.5;pieza;18;18;98;0.9;5;12.3;0;0;0;0;139.3;0;0;0;0
Doritos incognita;7;0.333333333333333;paquete;19;19;90;15.4;4.5;10.8;1;0;0;0;196;0;0;0;0
Doritos nachos;7;0.333333333333333;paquete;20;20;95;1.6;5;11;1;0;0;0;152;0;0;0;0
Doritos pizzerolas;7;0.333333333333333;paquete;19;19;93;1.4;4.9;10.8;1;0;0;0;213.5;0;0;0;0
Eclair de chocolate;7;0.5;pieza;29;29;98;1.3;4.6;12.8;0;0;5.5;0.4;32.5;0;0;0;0
Fritos;7;20;g;20;20;110;1.6;7.2;9.6;1.6;0;0;0;144;0;0;0;0
Frituras de maíz con chile y limón;7;0.333333333333333;bolsa;19;19;84;0.8;5.3;8.3;0;0;0;1.4;218.2;0;64;12;0
Frituras de maíz con limón y sal;7;0.333333333333333;bolsa;19;19;84;0.8;5.3;8.3;0;0;0;1.4;218.2;0;64;12;0
Fruitcake;7;0.333333333333333;rebanada;32;32;104;0.9;2.9;19.9;1.2;0;0;0;0;9.6;0;0;0
Galletas con chispa de chocolate;7;3;pieza;21;21;105;1.3;5.3;13.8;0.7;0;0;0;72.2;6.6;0;0;0
Galletas cubierta de chocolate;7;1.5;pieza;21;21;103;1.2;5;14.2;0.7;2.3;12;0.8;61.5;0;0;0;0
Galleta de avena;7;1;pieza;18;18;81;1.1;3.3;12.4;0.5;1;7;0.5;69;0;0;0;0
Galleta de avena con pasas;7;2;pieza;25;25;110;1;5;15;0;0;0;0;75;0;0;0;0
Galleta de avena y manzana;7;1;pieza;24;24;108;0.9;3.5;17.6;0;0;23;0.3;106.5;0;0;0;0
Galleta de chocolate con relleno cremoso;7;2.5;pieza;23;23;106;1.3;4.6;16.5;0.7;0;0.0.;0;0;9.3;0;0;0
Galleta de chocolate con relleno cremoso baja en grasa;7;3;pieza;27;27;119;1.6;3.6;20.6;0.8;0;0;0;0;11.1;0;0;0
Galleta de crema de cacahuate;7;1.5;pieza;23;23;108;2.1;5.3;13.2;0.5;7.5;7.5;0.6;93;0;0;0;0
Galleta de malvavisco con chocolate;7;2;pieza;26;26;110;1;4.4;17.6;0.6;2;12;0.7;44;0;0;0;0
Galleta de nuez;7;1.5;pieza;23;23;110;1.5;4.5;15.8;1.9;0;0;0;131.2;5.2;0;0;0
Galleta integral;7;4;pieza;20;20;95;1.7;3.6;13.9;1.1;0;0;0;180;0.5;0;0;0
Galleta integral con miel;7;4;pieza;24;24;110;1.9;3.2;18.2;0.6;0;0;0;90.8;5.2;0;0;0
Galleta integral de miel;7;4;pieza;24;24;110;1.9;3.2;18.2;0.6;0;0;0;90.8;5.2;0;0;0
Galleta integral de trigo;7;4;pieza;28;28;113;2.4;3.9;19.1;1.6;0;6.4;0.1;153.2;0;0;0;0
Galleta integral molida;7;4;cucharada;24;24;114;2.1;4.3;16.6;1.4;0;0;0;216;0.6;0;0;0
Galleta O´reo;7;2;pieza;18;18;86;0.9;3.8;12.2;0.4;0;0;0;84.8;0;0;0;0
Galleta salada cremosa;7;7;pieza;22;22;112;1.4;5.6;14;0;0;0;0;189;1.4;0;0;0
Galleta sawich;7;2;pieza;21;21;91;0.8;2.1;16.5;0.8;0;0;0;181.1;9.1;0;0;0
Galleta sawich chocolate;7;2;pieza;21;21;91;0.8;2.1;16.5;0.8;0;0;0;181.1;9.1;0;0;0
Galleta sawuich de vainilla;7;2;pieza;21;21;91;0.8;25.1;16.5;0.8;0;0;0;181.1;9.1;0;0;0
Galleta wafers;7;6;pieza;21;21;105;0.8;4.5;15.8;0.8;0;0;0;30;9.8;0;0;0
Galletas con almeras;7;1.5;pieza;21;21;113;0.8;7.4;12.8;0;0;0;0;0;9.8;0;0;0
Galletas con chispas de chocolate;7;0.5;pieza;16;16;80;1;4;10.5;0;0;0;0;.0.;5;0;0;0
Galletas con chispas de chocolate bajas en grasa;7;2;pieza;20;20;90;1.2;33;14.6;0.8;0;0;0;0;0;0;0;0
Galletas con chispas de chocolate con mantequilla casera;7;1.5;pieza;24;24;117;1.4;6.8;14;0;0;0;0;0;0;0;0;0
Galletas de manzana con pasas;7;1;pieza;26;26;113;1.3;4.3;17.2;0.6;0;0;0;0;8.8;0;0;0
Gansito;7;25;g;25;25;99;1.1;3.9;14.9;0.6;0;0;0;55.5;0;0;0;0
Granola con almeras;7;3;cucharada;21;21;98;2.5;3.5;14.1;1.1;7;18.1;0.9;7;4.3;0;0;0
Granola con avena y miel;7;3;cucharada;21;21;96;2.3;4;13.7;1.4;6.6;26.7;0.5;8.8;5.7;0;0;0
Granola con pasitas y dátiles;7;3;cucharada;21;21;92;2.1;2.9;15.2;1.3;6.7;16.1;0.9;5.3;6.1;0;0;0
Granola estáar;7;3;cucharada;21;21;97;2.3;4;14.1;1.1;0;0;0;8.2;0;0;0;0
Granola Thins Nature Valley;7;1;pieza;17;17;80;1;4;11;1;0;0;0;75;0;0;0;0
Habaneras Bran Aráanos Ciruela;7;35;g;35;35;113;2.7;4.3;16;3;0;0;0;171.5;0;0;0;0
Harina de algodón  baja  en grado;7;4;cucharada;32;32;106;15.9;0.4;11.5;0;0;0;0;57.6;0;0;0;0
harina de cacahuate;7;4;cucharada;32;32;105;16.7;0.2;11.1;5.1;0;0;0;13.2;2.6;0;0;0
Harina de girasol parcialmente desgrasada;7;4;cucharada;32;32;105;15.4;0.5;11.5;1.7;0;0;0;0;0;0;0;0
Harina de sésamo baja en grasa;7;4;cucharada;32;32;107;16;0.6;11.4;0;0;0;0;6.4;0;0;0;0
Harina de soya baja en grasa;7;4;cucharada;32;32;120;14.5;2.8;11.2;5.1;0;0;0;1;3.4;0;0;0
Harina de soya desgrasada;7;4;cucharada;32;32;106;15;0.4;12.3;5.6;0;0;0;4.2;6;0;0;0
Harina de soya fill fat;7;3;cucharada;24;24;105;8.3;4.9;8.5;2.3;0;0;0;2.2;1.8;0;0;0
Hojaldra;7;0.333333333333333;pieza;28;28;115;2.3;6;13;0.7;8;10.4;0.6;210.8;0;0;0;0
Kier delice;7;0.5;paquete;21;21;95;1;5.9;9;0.5;0;0;0;20;0;0;0;0
Macarrón con queso;7;0.25;taza;50;50;108;4.2;5.6;10.1;0;0;90.5;0.5;271.5;0;0;0;0
Madalena;7;0.75;pieza;20;20;92;1.6;4.2;8.9;0;0;0;0;85;0;0;0;0
Maíz palomero con mantequilla horno de microoas;7;2.5;taza;38;38;115;3.5;2.6;25.4;6.1;0;20;0.2;383.8;0;0;0;0
Marías Gamesa Cereale Chocoplátano;7;20;g;20;20;120;1.4;2.7;12.6;1.7;0;0;0;84;0;0;0;0
Marías Gamesa Cereale Fresa;7;30;g;30;30;121;2.1;4.1;18.9;2.5;0;0;0;126;0;0;0;0
Muffin con mantequilla;7;0.333333333333333;pieza;37;37;112;2.9;3.4;18;0;10.1;61;0.9;228.5;0;0;0;0
Muffin de blueberry;7;0.25;pieza;28;28;107;1.3;4.5;15;0.3;20.6;13;0.4;95.8;9.3;59;16.7;0
Muffin de maíz;7;0.333333333333333;pieza;37;37;114;2.2;3.1;19;1.2;12.4;27.5;1;194.3;2.8;49;18.3;0
Muffin integral;7;0.333333333333333;pieza;37;37;11;2.6;2.8;18;1.7;51.8;23.5;1.6;146.5;3.1;60;22.4;0
Muffin integral con pasas;7;0.333333333333333;pieza;37;37;118;2.5;3.2;19.9;2.5;0;42.4;1.8;200.6;0;0;0;0
Nachos;7;3;pieza;21;21;106;1.7;5.5;13.3;1.1;3;31.5;0.3;150.8;0;0;0;0
Nature valley;7;0.5;barra;18;18;70;1.5;2;12.5;1.5;0;0;0;32.5;0;0;0;0
Nature valley barra granola con manzana;7;1;pieza;21;21;90;1.5;3.2;13;1.2;0;0;0;65;0;0;0;0
Oreja;7;0.333333333333333;pieza;17;17;81;1;4.4;9.6;0.2;13.2;0;0.3;50.8;0;0;0;0
Orejas de pan dulce;7;0.333333333333333;pieza;17;17;81;1;4.4;9.6;0.2;13.2;0;0.3;50.8;0;0;0;0
Palomitas con queso;7;0.75;taza;21;21;110;2;7;10.8;2.1;2.3;24;0.5;186.8;0;0;0;0
Palomitas garapiñadas;7;0.75;taza;21;21;91;0.8;2.7;16.6;1.1;1.1;0.9;0.4;43.3;11.2;0;0;0
Pan de ajo;7;1;pieza;28;28;93;2;3.9;12.3;1;0;49.1;0.9;142.5;2.5;0;0;0
Pan de ajo con queso;7;1;pieza;28;28;98;2.5;4.9;11.3;1;0;98.2;0.7;211.2;1;0;0;0
Pan dulce. orejas;7;0.333333333333333;pieza;17;17;81;1;4.4;9.6;0.2;13.2;0;0.3;50.8;0;0;0;0
Pan de jenjibre;7;1;rebanada;28;28;100;1.1;4.6;13.8;0;0;0;0;0;0;0;0;0
Pan de muesli;7;1;rebanada;28;28;94;2.5;3.6;13.2;1.4;0;0;0;124.9;0;54;15.1;0
Pan tipo muffin con mantequilla;7;0.333333333333333;pieza;37;37;112;2.9;3.4;18;0;10.1;61;0.9;228.5;0;0;0;0
Pan tipo muffin de fruta;7;0.25;pieza;28;28;107;1.3;4.5;15;0.3;20.6;13;0.4;95.8;9.3;0;0;0
pan tipo muffin de maíz;7;0.333333333333333;pieza;37;37;144;2.2;3.1;19;1.2;12.4;27.5;1;194.3;2.8;49;18.3;0
Pan tipo muffin integral;7;0.333333333333333;pieza;37;37;101;2.6;2.8;18;1.7;51.8;23.5;1.6;146.5;3.1;60;22.4;0
Panqué;7;0.5;rebanada;20;20;84;1.3;4.3;9.8;0.2;0;10.4;0.3;71.4;5.7;0;0;0
Panqué con mantequilla;7;0.5;rebanada;20;20;84;1.3;4.3;9.8;0;0;10.4;3;71.4;0;0;0;0
Panqué de nata;7;0.5;rebanada;23;23;97;1.4;5.6;10.7;0;3.4;5.5;0.4;65;0;0;0;0
Panqué de salvado;7;1;rebanada;40;40;118;1.6;5.6;13.6;1.2;0;19.2;0.6;79.2;3.2;0;0;0
Panquecito cubierto de chocolate;7;0.5;pieza;24;24;86;1.1;3;14.2;0;0;31;0.2;80.5;0;0;0;0
Panquecito cubierto de vainilla;7;0.5;pieza;33;33;119;1.1;3.8;20.6;0;0;16.6;0;74;0;0;0;0
Panquecito de vainilla;7;0.5;pieza;33;33;119;1.1;3.8;20.6;0;0;16.6;0.1;74;0;0;0;0
Papa congelada para freir;7;50;g;50;50;100;1.6;3.8;15.6;1.6;6;4;0.6;15;0;0;0;0
Papa hash brown;7;0.25;taza;39;39;100;1.2;4.9;13.7;1.2;6.2;5.5;0.2;133.4;0.6;0;0;0
Papa sal;7;20;g;20;20;107;1;6.6;11;1;0;0;0;116;0;0;0;0
Papas fritas;7;6;pieza;18;18;100;1.1;6.9;9.2;0.6;1.3;4.3;0.3;118.1;0.9;76;13.7;0
Papas fritas a la francesa;7;4;pieza;20;20;112;1.2;7.7;10.2;0.7;1.4;4.8;0.3;13.2;1;0;0;0
Papas fritas bajas en grasa;7;7;pieza;21;21;105;1.2;5.4;13.6;0.8;5.7;7.1;0.3;89.9;1.1;0;0;0
Papas fritas con crema ácida y cebolla;7;6;pieza;18;18;98;1.2;6.7;9.2;0.2;4.1;11.5;0.3;129.6;0;0;0;0
papas fritas con queso;7;6;pieza;18;18;99;1.3;6.7;9.1;0.6;3.2;19.8;0.3;135.9;0.9;0;0;0
Papas fritas en juliana;7;6;pieza;30;30;100;1.1;5.6;11.9;1;6.6;3.6;0.5;183.9;0;0;0;0
Papas fritas light;7;10;pieza;19;19;100;1.1;5.6;11.9;1;6.6;3.6;0.5;183.9;0;0;0;0
Papas fritas reducidas en grasa;7;0.75;bolsa iividual;20;20;94;1.1;4.8;12.2;0.7;5.1;6.4;0.3;80.3;0.9;0;0;0
Papas sabritas;7;20;g;195;195;102;0.8;6.4;10.4;0.8;0;0;0;112;0;0;0;0
Papilla de macarrones con pollo;7;1.5;frasco;20;20;101;4.1;2.9;14.6;0.6;10.5;42.9;1;31.2;0;0;0;0
Pasta de hojaldre;7;20;g;20;20;108;1.1;8.2;7.6;0.3;0;3.9;0;1.2;0;0;0;0
Pasta hojaldrada;7;20;g;20;20;108;1.1;8.2;7.6;0.3;0;3.9;0;1.2;0;0;0;0
Pasta quebrada;7;20;g;28;28;108;1.1;8.2;7.6;0.3;0;3.9;0;1.2;0;0;0;0
Pastel de chocolate;7;1;rebanada;28;28;104;1.5;4.2;14.8;0.4;0;16.8;0.5;88.2;0;0;0;0
Pastel de frutas;7;1;rebanada;28;28;91;0.8;2.5;17.3;1;0.7;9.1;0.6;75.5;12;47;13.2;0
Pastel de piña;7;1;rebanada;28;28;89;1;3.4;14.1;0;5.3;33.6;0.4;89.3;0;0;0;0
Pastel de zanahoria con cubierta de queso crema;7;0.5;rebanada;28;28;112;1.1;5.7;14.6;0.3;3.2;6.9;0.3;50.6;10.8;0;0;0
Pastelito con relleno cremoso y mermelada;7;0.5;pieza;25;25;98;1.1;3.9;14.8;0.7;0;18.8;0.6;59.5;10.5;0;0;0
Pastelito de chocolate con relleno cremoso;7;1;pieza;30;30;109;1.3;3.2;18.7;0.6;0;0;0;93.9;13.2;0;0;0
Pastitas de mantequilla;7;2;pieza;15;15;84;0.8;4.7;9.6;0;0;3;0.3;30;3;0;0;0
Pay de calabaza;7;1;rebanada;45;45;109;1.8;4.4;15.7;0.8;7.2;28.8;0.4;107.6;8.5;0;0;0
Pay de chocolate;7;1;rebanada;30;30;91;0.8;5.8;10.1;0.6;2.1;10.9;0.3;40.9;0;0;0;0
Pay de limón con merengue;7;1;rebanada;35;35;94;0.5;3;16.5;0.4;2.8;19.5;0.2;51.1;8.4;0;0;0
Pay  de manzana;7;1;rebanada;40;40;95;0.8;4.4;13.6;0.6;1.6;4.5;0.2;106.6;0;0;0;0
Pay de nuez;7;0.333333333333333;pieza;23;23;102;1.5;4.5;13.9;0.2;3.7;5.1;0.2;77.2;6.4;0;0;0
Pay de piña;7;0.333333333333333;pieza;28;28;108;1;4.9;15.1;0.1;0;6.6;0.2;120.3;5.3;0;0;0
Pay de queso;7;1;rebanada;35;35;112;1.9;7.9;8.9;0;5.3;17.9;0.2;72.6;7.6;0;0;0
Pay helado de limón;7;1;rebanada;40;40;109;0.9;6.1;13;0.6;0;12.1;0.1;72.7;9.4;0;0;0
Pop tarts;7;0.333333333333333;pieza;18;18;70;1;1.7;12.9;0.3;0;0;0;73.5;0;0;0;0
Prispas;7;0.75;paquete;19;19;91;0.8;3.4;14.3;0.4;0;0;0;131.3;0;0;0;0
Puré de papa;7;0.5;taza;105;105;119;2;4.4;17.5;1.6;8.4;25.2;0.3;332.9;1.5;74;77.7;0
Rice krispies treats;7;1;barra;22;22;90;1;2.5;17;0;0;0;0;105;0;0;0;0
Roles de canela;7;0.5;pieza;30;30;100;2;2.2;18;0.2;4.8;12.6;0.6;64.5;8.1;0;0;0
Rollo de fresa;7;1;pieza;30;30;100;1.4;2.1;18.9;0.1;4.8;7;0.4;87;11.7;0;0;0
Runner sabor hot sauce;7;0.333333333333333;bolsa;20;20;110;1.2;6.9;10.9;0.5;0;0;0;210;0;0;0;0
Sabritas ligeras;7;20;g;20;20;97;1.2;4.6;12.8;0.8;0;0;0;80;0;0;0;0
Sabritas ligeras citricas;7;20;g;20;20;93;1.2;4.4;12.2;0.8;0;0;0;148;0;0;0;0
Salsa gravie de champiñones;7;1;taza;230;230;116;2.9;6.2;12.69;0.9;27.8;15.4;1.5;1310.5;0;0;0;0
Salsa gravie de res;7;1;taza;226;226;120;8.5;5.4;10.8;1;3.9;13.5;1.6;1265.8;0;0;0;0
Sáwich Quaker chocolate;7;30;g;30;30;124;2.7;5.2;16.6;2.8;0;0;0;96;0;0;0;0
Senzo;7;2;pieza;22;22;106;1.1;5.1;13.8;0.5;0;0;0;75.4;0;0;0;0
Snack mix nabisco 100 Kcal;7;1;paquete;22;22;99;2;3;16;1;0;0;0;210.1;0;0;0;0
Strudel de manzana;7;1;rebanada;40;40;110;1.3;4.5;16.5;0.9;2.3;6.2;0.2;107.6;10.4;0;0;0
Tamal de carne;7;0.2;pieza;40;40;102;3.1;6;8.8;0.1;0;24.4;0.6;70.4;0;0;0;0
Tamal de elote;7;0.2;pieza;40;40;86;1.1;4.3;9.9;0.4;0;43.2;0.3;234.3;0;0;0;0
Tamal de frijol;7;0.2;pieza;40;40;103;1.5;7.2;9.1;0.4;0;24.6;0;112.9;0;0;0;0
Tamal de queso con rajas;7;0.2;pieza;40;40;104;2;7.1;9.1;0.4;0;41.3;0;130.3;0;0;0;0
Tamal rojo;7;0.166666666666667;pieza;34;34;103;0.9;6.5;11;0.2;0;0;0;0;0;0;0;0
Tamal verde;7;0.166666666666667;pieza;34;34;103;0.9;6.5;11;0.2;0;0;0;0;0;0;0;0
Tortilla de harina;7;1;pieza;28;28;80;1.9;1.9;13.4;0.1;0;19.9;0.3;214.8;0.1;30;8.4;0
Tortilla de harina integral;7;1;pieza;28;28;82;2.5;2.9;11.4;1.2;0;0;0;166.9;0.1;0;0;0
Tostada;7;1.5;pieza;18;18;93;1.2;4.9;11.2;1.2;0;19.3;0.2;131.6;0;0;0;0
Tostada rayada;7;1.5;pieza;18;18;93;1.2;4.9;11.2;1.2;0;19.3;0.2;131.6;0;0;0;0
Tostada tipo jalisco;7;1.5;pieza;18;18;93;1.2;4.9;11.2;1.2;0;19.3;0.2;131.6;0;0;0;0
Totopos de maíz;7;25;g;25;25;109;1.4;5.6;13.5;1.4;2.7;39.3;0.4;40.8;0;0;0;0
Trenza glaseada;7;0.5;pieza;21;21;85;0.7;3.8;12.2;0.3;1.5;5.54;0.3;70.5;7.2;0;0;0
Wafle;7;1;pieza;35;35;100;2.3;3.4;15.1;0.8;20;107.8;2;223.3;1.8;76;26.6;0
Wafle con mantequilla;7;1;pieza;35;35;97;2.3;3.8;13.9;0.6;17.9;17.9;1.6;184.1;1;76;26.6;0
Wafle estilo casero;7;1;pieza;31;31;86;2;3.3;12.4;0.4;15.9;15.9;1.4;181.7;0.8;769;23.6;0
Wafle integral;7;1;pieza;35;35;84;2.3;2.9;13.2;1.4;10.8;17.9;1.6;198.5;1.3;0;0;0
Wafle miniatura;7;2;pieza;40;40;112;3;3.9;16.3;9;25.8;25.8;2.3;258.1;0.6;0;0;0
Alubia cocida (chica o grae);5;0.5;taza;90;90;124;8.7;0.3;22.5;5.6;3.3;1.2;5.4;101.1;502.1;28;6.3;0.3
Alubia cruda (chica o grae);5;35;g;35;35;117;8.1;0.3;21.1;5.3;3.7;4.5;5.6;105.4;628.3;0;0;0.7
Alubia enlatada guisada;5;0.333333333333333;taza;86;86;99;6.3;0.3;18.3;4.2;2.6;1.4;299.9;78.7;392.5;52;9.5;0.3
Alubia germinada;5;1;taza;190;190;63;9.1;1.1;8.9;0;1.7;1.1;13.3;72.2;368.6;0;0;0
Alverjón o chicharo  seco crudo;5;35;g;35;35;119;8.6;0.4;21.1;0;1.6;0.6;5.3;128.1;343.4;0;0;2.8
Alverjón o chicharo  seco cocido;5;0.5;taza;98;98;116;8.2;0.4;20.7;0;1.3;0.6;2;97;354.8;22;4.5;2.8
Chicharo germinado cocido;5;0.5;taza;103;103;100;7.2;0.5;17.5;0;1.7;0.6;3.1;24.6;274.7;0;0;0
Frijol germinado cocido;5;1;taza;124;124;97;8.8;1;18.6;10.7;2.6;0.7;17.4;127.7;393.1;0;0;0
Frijol germinado crudo;5;1.5;taza;156;156;105;9.6;1.1;20.4;0;3;0.9;20.3;156;478.9;0;0;0
Frijol molido;5;0.333333333333333;taza;73;73;96;6.4;0.4;17.2;6.3;1.5;0.9;0.8;101.6;257.7;0;0;0.2
Frijol promedio cocido;5;0.5;taza;86;86;114;7.6;0.5;20.4;7.5;1.8;1;1;120.4;305.3;43;8.8;0.3
Frijol promedio crudo;5;35;g;35;35;119;7.6;0.5;21.8;5.3;1.8;1.1;1.8;123.2;519.1;0;0;0.7
Frijoles enteros enlatados;5;0.5;taza;128;128;108;6.7;0.8;18.6;6.8;1.5;1.2;378.9;115.2;303.4;45;8.4;2.4
Frijoles refritos. caseros o enlatados;5;0.333333333333333;taza;75;75;95;4.1;4.1;11.3;7.1;0;2.4;237;0;0;0;0;3
Gaul;5;40;g;40;40;118;6;0.6;22.7;2.9;1.7;1;5.8;0;473.3;0;0;0
Garbanzo cocido;5;0.5;taza;82;82;135;7.3;2.1;22.5;6.3;2.4;3;5.5;138;238.5;31;7;4
Garbanzo crudo;5;35;g;35;35;127;6.8;2.2;21.2;6.1;2.2;2.9;8.4;128.1;306.3;0;0;3.7
Garbanzo enlatado;5;0.5;taza;120;120;143;6;1.4;27.2;5.3;1.6;3.4;359;108;206.5;42;11.4;0
Haba seca cocida;5;0.5;taza;85;85;94;6.5;0.3;16.7;4.6;1.3;2.2;4.3;106.3;281.4;0;0;1.5
Haba seca cruda;5;0.25;taza;38;38;128;9.8;0.6;21.9;9.4;2.5;3.1;4.9;157.9;398.3;0;0;2.1
Harina de frijol;5;3;cucharada;33;33;110;7.4;0.7;19.4;1.5;4.4;4.2;2.6;0;480.4;0;0;0
Harina de garbanzo;5;3;cucharada;33;33;117;6.6;2.2;18.7;1.5;2.3;3.9;8.5;0;287.1;0;0;0
Harina de haba;5;3;cucharada;33;33;114;9.1;0.6;19.1;0.6;6;3.9;4.3;0;0;0;0;0
Harina de lenteja;5;3;cucharada;33;33;108;8.1;0.5;18.5;1.3;6.6;3.9;0;80.4;0;0;0;0
Harina de soya;5;4;cucharada;25;25;108;9.3;5.1;7.8;2.4;1.6;1.8;2.9;116.6;500;0;0;0
Harina de soya baja en grasa;5;4;cucharada;25;25;91;12.2;2.2;7.5;2.4;1.5;2.3;4.4;145.3;629.7;0;0;2.5
Harina de soya sin grasa;5;4;cucharada;22;22;81;11.2;1.5;7.9;2.1;1.3;13;2;148.5;459.8;0;0;4.4
Hummus;5;5;cucharada;75;75;125;5.9;7.2;10.7;4.5;1.8;0;284.3;132;171;1;0.1;0
Ibes o haba de lima cocida;5;0.5;taza;85;85;105;5.8;0.3;20.1;4.5;2.1;1.7;14.5;110.5;484.5;32;6.4;1.4
Ibes o haba de lima cruda;5;90;g;90;90;102;6.2;0.8;18.2;4.4;2.8;1.6;7.2;122.4;420.3;0;0;1.3
Lenteja cocida;5;0.5;taza;99;99;115;9;0.4;20;7.8;3.3;2.8;2;178;365.5;26;5.2;1.8
Lenteja cruda;5;35;g;35;35;124;9;0.4;21;10.7;2.6;2.9;2.1;157.9;334.3;0;0;0.7
Miso (soybean paste);5;60;g;60;60;120;7.1;3.6;15.9;3.2;1.5;0;2237.1;0;0;0;0;3.6
Soya cocida;5;0.333333333333333;taza;57;57;98;9.4;5.1;5.6;3.4;2.9;4.1;0.6;139.1;292.3;18;1;1.7
Soya texturizada;5;30;g;30;30;95;11.6;0.9;11.7;5.4;3.6;0.2;3.2;193.9;577.5;0;0;0
